ID,SEQ,ACT,Hydrophobicity,NCharge,IPoint,PDepth,TiltAngle,DPropensity,LMoment,PAggregation,AngleSubtendedHR,Amphiphilicity,PropensityCoil,Length
15604,EMTWEEWEKKIEEYIKKIEEILKKSQNQQIDL,0.000275,1.3,-3,4.41,30,62,-0.07,0.2,0,20,1.71,0.92,32
15603,EMTWEEWEKKIEEYTKKIEEILKKSQNQQIDL,0.000338,1.46,-3,4.41,30,62,-0.12,0.19,0,20,1.71,0.92,32
15663,WEQKIEELLKKAEEQQKKNEEELKKLEK,0.00134117,2,0,7,30,60,-0.34,0.27,0,40,1.84,0.86,28
347,CVKVKVKVGSGVKVKVKVC,0.005,-0.72,7,11.02,30,90,0.15,0.17,0,60,1.16,0.96,19
348,CVKVSVKVGSGVKVSVKVC,0.005,-1.04,5,10.77,30,90,0.35,0.17,0,60,0.77,1,19
350,CVKVQVKVGSGVKVQVKVC,0.01,-0.76,5,10.77,30,90,0.27,0.17,0,60,0.9,0.97,19
15712,EWYNQTKDLQQKFYEIIMDIEQNNVQGKKGIQQLQ,0.012,1.2,0,7,30,59,-0.1,0.22,2.93,20,1.3,0.93,35
15711,GEWYNQTKDLQQKFYEIIMDIEQNNVQGKKGIQQL,0.012,1.11,0,7,30,57,-0.07,0.21,2.93,20,1.27,0.92,35
13541,GNNKPVYRPQPRPPHPRL,0.012,1.91,4,11.85,30,67,-0.57,0.35,0,20,1.04,1.37,18
13550,VDKGSYRPRPTPPKPIYNRN,0.037,1.78,4,10.84,30,72,-0.51,0.36,0,20,1.24,1.3,20
12230,RRWCFRVCYRGFCYRKCR,0.062,0.83,7,10.5,16,79,-0.41,0.31,0,40,1.97,1.07,18
353,CWKWKWKWGSGWKWKWKWC,0.114,1.43,7,11.02,15,90,-0.52,0.5,0,20,4.08,0.99,19
1740,GIPCGESCVWIPCISSAIGCSCKSKVCYRN,0.12,-0.44,2,7.83,14,76,0.31,0.26,0.81,60,0.77,1.12,30
12236,GFWSSVWDGAKNVGTAIIKNAKVCVYAVCVSHK,0.125,-0.38,3,9.6,30,30,0.27,0.25,711.56,80,1.06,0.99,33
13548,VDKGSYLPRPTPPRPIYNRN,0.15,1.4,3,10.6,30,118,-0.34,0.22,0,20,1.06,1.29,20
13146,RWKIFKKIEKMGRNIRDGIVKAGPAIQVLGSAKAI,0.15,0.13,8,11.98,30,156,0,0.21,10.41,40,1.11,0.94,35
15196,SLTQINTTLLDLEYEMKKLEEVVKKLEESYIDLKEL,0.15,0.41,-4,4.16,30,36,0.23,0.15,2.22,30,1.07,0.92,36
15563,GFGCPFNQGQCHKHCQSIRRRGGYCDGFLKTRCVCYR,0.16,0.71,6,9.15,25,117,-0.14,0.22,0,30,0.98,1,37
10685,RECKTESHRFKGPCITKPPCRKACISEKFTDGHCSKILRRCLCTKPC,0.16,0.73,8,9.11,30,96,-0.15,0.16,0,20,0.95,1.12,47
15442,CWVRLGRYLLRRLKTLFT,0.16,-0.14,5,11.7,14,87,0.01,0.22,0,60,1.41,0.95,18
351,CAKAKAKAGSGAKAKAKAC,0.173,0.29,7,11.02,30,90,-0.17,0.22,0,60,1.16,0.92,19
571,KWKLFKKIEKVGQNIRDGIIKAGPAVAVVGQATQIAK,0.19,0.07,7,11.38,30,55,0.06,0.21,251.79,40,1.08,0.93,37
4477,RVRRFWPLVPVAINTVAAGINLYKAIRRK,0.2,-0.14,7,12.3,2,8,0.04,0.27,72.93,50,1.09,1.05,29
14157,RWKIAKKIEKVGRNVRDGIIKAGPAVAVVGQAATVVK,0.25,-0.07,8,11.98,14,155,0.07,0.26,461.83,80,1.05,0.94,37
14156,RAKIFKKIEKVGRNVRDGIIKAGPAVAVVGQAATVVK,0.25,-0.17,8,11.98,14,155,0.1,0.23,461.83,80,0.86,0.94,37
12233,RRGCFRVCYRGFCFQRCR,0.25,0.56,6,10.69,17,94,-0.26,0.29,0,40,1.17,1.02,18
14142,RPFTRAQIFAIQHISPRTIAMRAINNYRWR,0.25,0.49,6,12.4,15,85,-0.11,0.26,36.05,50,1.02,1.1,30
12306,GRFKRFRKKLKRLWHKVGPFVGPILHY,0.25,0.66,9,12.17,16,99,-0.3,0.28,0,100,1.59,1,27
7642,QDGMYQRFLRQHVHPEETGGSDRYSNLMMQRRKMTLYHSKRFNTFIH,0.3,1.23,4,10.5,30,121,-0.22,0.15,34.92,20,1.08,1,47
12670,SGRGKTGGKARAKAKTRSSRAGLQFPVGRVHRLLR,0.3,0.91,11,12.89,30,131,-0.35,0.27,0,30,0.99,0.93,35
349,CVKVRVKVGSGVKVRVKVC,0.3,-0.65,7,11.59,30,90,0.13,0.17,0,60,1.03,0.97,19
4478,LVQRGRFGRFLKKVRRFIPKVIIAAQIGSRFG,0.3,-0.1,9,12.81,13,100,-0.01,0.22,203.02,50,0.88,0.95,32
573,KWKVFKKIEKMGRNIRNGIVKAGPAIAVLGEAKAL,0.32,0.07,8,11.71,30,135,0.02,0.23,87.17,40,1.14,0.91,35
572,KWKIFKKIEKVGRNIRNGIIKAGPAVAVLGEAKAL,0.36,0,8,11.71,14,161,0.04,0.21,90.96,40,1.14,0.91,35
15182,EISKINTTLLDLSDEMAMLQEVVKQLNDSYIDLKEL,0.38,0.13,-5,3.7,30,125,0.34,0.15,4.86,30,0.66,0.95,36
7842,KWKVFKKIEKMGRNIRNGIVKAGPKWKVFKKIEK,0.39,0.9,12,11.84,30,56,-0.36,0.12,0,40,1.81,0.94,34
2063,KWKLFKKIGIGAVLKVLTTG,0.4,-0.52,6,14,11,112,0.15,0.33,13.96,60,1.26,0.86,20
15152,SLDQINVTFLDLEYEMKKLEEAIKKLEESYIDLKEL,0.409,0.43,-5,4.03,30,51,0.25,0.17,23.61,30,1.07,0.92,36
14143,RPFTRAQWFAIIHISPRTIAMRAINNYRWR,0.44,0.4,6,12.4,15,85,-0.08,0.29,417.71,50,1.21,1.1,30
535,SMWSGMWRRKLKKLRNALKKKLKGE,0.5,1.25,9,11.99,27,14,-0.5,0.17,0,50,1.93,0.91,25
14158,RAKIAKKIEKVGRNVRDGIIKAGPAVAVVGQAATVVK,0.5,-0.14,8,11.98,14,155,0.1,0.24,461.83,80,0.86,0.93,37
12708,LKPLLKPLLKPLLKPLLKPLLKPLLKPL,0.5,-0.52,8,14,15,92,0.15,0.08,0,30,0.92,1.17,28
5243,RRIRPRPPRLPRPRPRPLPFPRPGPRPIPRPLPFP,0.5,1.41,11,13.1,30,86,-0.51,0.19,0,20,0.77,1.51,35
352,CFKFKFKFGSGFKFKFKFC,0.518,-0.13,7,11.02,15,90,-0.04,0.19,0,60,1.16,0.96,19
15183,LDLSDEMAMLQEVVKQLNDSYIDLKELGNYTYYNKW,0.55,0.59,-4,3.78,17,92,0.17,0.16,0.79,20,1.24,0.96,36
14141,RPFIRAQWFAIQHISPRTIAMRAINNYRWR,0.55,0.49,6,12.4,15,84,-0.11,0.24,13.61,50,1.25,1.1,30
672,RGGRLCYCRRRFCVCVGR,0.61,0.25,7,11.43,16,101,-0.17,0.33,10.32,60,1.1,0.98,18
6543,RPPQFTRAQWFAIQHISLNPPRSTIAMRAINNYRWRSKNQNTFLR,0.62,0.91,8,12.51,30,118,-0.22,0.26,13.4,30,1.03,1.13,45
15040,AGGKRIVQRIKDFLRGAGGKRIVQRIKDFLRG,0.625,0.49,8,12.14,30,136,-0.16,0.12,0,30,1,0.86,32
15043,AGGKRIVKRIKKFLRGAGGKRIVKRIKKFLRG,0.625,0.54,14,12.82,30,136,-0.36,0.12,0,30,1.38,0.85,32
1005,GFGALFKFLAKKVAKTVAKQAAKQGAKYVVNKQME,0.63,0.13,8,11.18,29,13,0,0.18,14.71,30,1.13,0.9,35
12617,RQCKAESNTFTGICIAKPPCRKACIREKFTDGHCSKVLRRCLCTKRC,0.7,0.49,9,9.59,30,115,-0.1,0.14,22.38,40,0.89,1.06,47
12669,SGRGKTGGKARAKAKTRSSRAGLQFPVGRVHRLLRKGNYAQRVGAGAPVY,0.7,0.78,13,12.35,30,135,-0.26,0.2,0,20,1.04,0.94,50
536,GLFGKLIKKFGRKAISYAVKKARGKH,0.7,0.44,9,11.73,21,47,-0.24,0.21,3.04,30,1.43,0.88,26
4280,GVPCAESCVWIPCTVTALLGCSCKDKVCYLN,0.7,-0.77,0,5.75,12,75,0.48,0.26,120.12,30,0.66,1.09,31
1106,GEILCNLCTGLINTLENLLTTKRKRQQ,0.7,0.3,3,9.94,16,75,0.07,0.38,14.04,50,0.64,0.92,27
11337,IWLTALKFLGKNLGKLAKQQLAKL,0.71,-0.29,6,14,14,79,0.12,0.25,14.15,60,1.16,0.87,24
4279,GIPCGESCVFIPCTVTALLGCSCKDKVCYKN,0.73,-0.58,1,7.43,8,14,0.39,0.31,120.22,50,0.56,1.07,31
4303,GVIPCGESCVFIPCISSVLGCSCKNKVCYRD,0.76,-0.65,1,7.43,11,46,0.41,0.28,5.54,60,0.52,1.1,31
6070,GFKRIVQRIKDFLRNLV,0.76,0.09,5,12.42,15,88,-0.02,0.19,0,160,0.94,0.94,17
4281,GIPCGESCVYIPCTVTALLGCSCKDKVCYKN,0.78,-0.45,1,7.43,7,16,0.35,0.3,120.23,30,0.72,1.08,31
10690,RECKTESNTFPGICITKPPCRKACISEKFTDGHCSKILRRCFCTRPC,0.8,0.51,6,8.53,30,114,-0.04,0.15,0,20,0.76,1.13,47
10688,RECKTESNTFPGICITKPPCRKACISEKFSGGDCSKILRRCLCTKPC,0.8,0.41,6,8.53,30,94,-0.01,0.15,0,20,0.76,1.11,47
4631,SWLRDIWDWICEVLSDFK,0.8,0.03,-2,3.83,15,83,0.34,0.22,0,120,1.57,1.02,18
9877,WLRAFRRLVRRLARGLRR,0.85,0.64,9,14,15,84,-0.4,0.16,0,120,1.47,0.93,18
12363,KKLIKVWAKGFKKAKKLFKGIG,0.94,0.33,9,11.57,16,96,-0.27,0.21,0,40,1.82,0.86,22
2972,GTFPCGESCVFIPCLTSAIGCSCKSKVCYKN,0.96,-0.47,2,7.83,4,11,0.32,0.29,1.27,60,0.56,1.1,31
10605,GCRRLCWRQRCVTWCRGR,1,0.88,6,11.4,18,88,-0.36,0.26,1.34,40,1.66,1.02,18
10611,KCRRYCYRQRCVTYCRGR,1,1.4,7,10.24,20,97,-0.58,0.32,0,20,1.93,1.08,18
16355,RRIRIRPPRLPRPRPRPWFPPRFPIPRIPGKR,1,1.4,12,13.1,30,87,-0.57,0.17,0,20,1.17,1.39,32
10607,KCRRLCYRQRCVTYCRGR,1,1.12,7,10.5,21,101,-0.49,0.24,0,40,1.65,1.05,18
16941,VDKPPYLPRPRPIRRPGGR,1,1.53,6,12.28,30,112,-0.5,0.21,0,20,1.1,1.31,19
14175,RFKIWKKIEKVGRNVRDGIIKA,1,0.65,7,11.95,30,32,-0.23,0.18,0,80,1.54,0.92,22
14159,RWKIFKKIEKVGRNVRDGIIKA,1,0.65,7,11.95,29,37,-0.23,0.16,0,80,1.54,0.92,22
16354,RRIRFRPPRLPRPRPRPWIPPRFPFPRIPGKR,1,1.46,12,13.1,30,65,-0.58,0.19,0,20,1.17,1.39,32
16653,RFRRFRLPFRRPPIRIH,1,1.08,8,14,22,53,-0.5,0.16,0,80,1.09,1.21,17
14161,RWKIAKKIEKVGRNVRDGIIKA,1,0.69,7,11.95,24,153,-0.25,0.16,0,80,1.54,0.91,22
12720,LRPLLRPLLRPLLRPLLRPLLRPLLRPL,1,-0.37,8,14,14,93,0.11,0.08,0,30,0.61,1.2,28
13507,WCRRYRVLVRGVLVRYRRCW,1,0.35,7,11.72,15,90,-0.22,0.35,0,40,2.06,1.02,20
2028,ISRLAGLLRKGGEKIGEKLKKIGQKIKNFFQKLVPQPE,1,0.58,7,11.1,30,42,-0.12,0.2,0,70,1.1,0.92,38
10908,FLPIVAKLLSGLLGRKKRRQRRR,1,0.57,10,14,16,40,-0.33,0.45,1.05,40,1.17,0.96,23
13515,RFCVYAYVRVRGVLVRYRRCF,1,-0.28,6,10.94,14,82,0.04,0.27,481.97,60,1.42,1.02,21
611,ALWKTLLKKVLKAAAKAALNAVLVGANA,1,-0.82,5,11.28,9,108,0.32,0.17,161.21,80,0.9,0.9,28
12715,IRPIIRPIIRPIIRPIIRPIIRPIIRPI,1,-0.72,8,14,13,94,0.22,0.08,0,30,0.61,1.29,28
4425,IKLSPKTKKNLKKVLKGAIKGAIAVAKMV,1,-0.14,10,14,16,124,-0.03,0.28,6.77,50,1.14,0.95,29
13889,KWCFRVCYRGICYRRCRG,1,0.51,6,10.04,15,76,-0.25,0.28,0,40,1.83,1.03,18
16505,PWRIRIRRRRIRIRWPPWRIRIRR,1,1.44,13,14,16,88,-0.7,0.15,0,40,2.09,1.17,24
17203,KWCFRVCYRGICYRRCRK,1,0.71,7,10.38,16,69,-0.37,0.29,0,40,2.04,1.06,18
4491,GSIPCGESCVFIPCISAIIGCSCSNKVCYKN,1.03,-0.73,1,7.43,6,11,0.43,0.3,70.96,80,0.44,1.11,31
4490,GSIPCGESCVFIPCISAIIGCSCSSKVCYKN,1.03,-0.81,1,7.43,3,175,0.46,0.31,70.97,80,0.44,1.12,31
16518,FLFKLIKHAIKGLIKAFK,1.037,-0.77,5,11.27,13,87,0.2,0.2,0,200,1.1,0.9,18
15181,GPNFAEISKINTTLLDLSDEMAMLQEVVKQLNDSYI,1.09,0.06,-4,3.62,30,131,0.33,0.15,4.75,40,0.52,0.99,36
13150,RTCQSQSHRFRGPCLRRSNCANVCRTEGFPGGRCRGFRRRCFCTTHC,1.1,0.91,10,11.1,30,124,-0.25,0.12,0,20,0.72,1.07,47
4422,IKLSPETKKNLKKVLKGAIKGAIAVAKMV,1.1,-0.16,8,11.52,16,124,0.05,0.28,6.96,50,1.06,0.94,29
565,GFFGKMKEYFKKFGASFKRRFANLKKRL,1.1,0.76,10,12,17,89,-0.31,0.17,0,110,1.41,0.9,28
4423,IKLSKKTKDNLKKVLKGAIKGAIAVAKMV,1.1,-0.08,9,11.57,16,123,-0.01,0.29,6.96,50,1.14,0.91,29
8170,ATCDLLSPFKVGHAACAAHCIARGKRGGWCDKRAVCNCRK,1.17,0.13,6,9.26,30,51,0.05,0.26,0,30,0.86,1,40
7644,WPKRLTKAHWFEIQHIQPSPLQSNRAMSGINNYTQHSKHQNTFLH,1.2,1.1,4,10.97,30,117,-0.19,0.19,0,20,1.1,1.08,45
4421,IKLSPKTKDNLKKVLKGAIKGAIAVAKMV,1.2,-0.16,8,11.52,16,124,0.05,0.28,6.96,50,1.01,0.95,29
11184,RRIRFRPPYLPRPGRRPRFPPPFPIPRIPRIP,1.2,1.12,10,12.7,30,60,-0.42,0.21,0,20,0.92,1.43,32
7862,CVLIGQRCDNDRGPRCCSGQGNCVPLPFLGGVCAV,1.25,-0.28,1,7.44,27,170,0.3,0.44,4.07,30,0.28,1.04,35
17204,KWCFRVCYRGFCYRRCRK,1.3,0.8,7,10.38,16,69,-0.39,0.3,0,40,2.04,1.06,18
4424,IKLSKETKKNLKKVLKGAIKGAIAVAKMV,1.3,-0.08,9,11.57,16,124,-0.01,0.29,6.96,50,1.18,0.9,29
660,ALWKNMLKGIGKLAGQAALGAVKTLVGA,1.3,-0.66,4,11.16,11,105,0.3,0.25,1.38,60,0.82,0.83,28
12616,RQCKAESNTFTGICIAKPPCRQACIREKFTDGHCSKVLRRCLCTKRC,1.35,0.49,8,9.14,30,115,-0.08,0.15,22.38,40,0.84,1.07,47
10687,RECKTESNTFPGICITKPPCRKACLTEGFTDGHCSKILRRCLCTKPC,1.4,0.41,5,8.32,30,93,0.01,0.15,0,20,0.71,1.1,47
4420,IKLSKETKDNLKKVLKGAIKGAIAVAKMV,1.4,-0.09,7,11.15,16,123,0.06,0.29,7.85,50,1.06,0.9,29
5349,RWKIFKKIEKMGRNIRDGIVKAGPAIEVLGSAKAI,1.43,0.13,7,11.56,30,145,0.03,0.21,0,40,1.11,0.93,35
10603,GCRRLCYKQRCVTWCRGR,1.5,0.87,6,10.42,19,95,-0.36,0.25,1.34,40,1.62,1.01,18
8814,LAAKLTKAATKLTAALTKLAAALT,1.5,-0.83,4,11.16,10,103,0.33,0.27,30.12,160,0.61,0.91,24
10604,GCRRLCYRQRCVTYCRGR,1.5,0.92,6,10.22,18,80,-0.38,0.25,0,40,1.45,1.03,18
972,GFFGKRKEYFKKFGASFKRRFANLKKRL,1.5,0.99,11,12.19,17,90,-0.42,0.21,0,60,1.49,0.91,28
12113,PKILNKILGKILRLAAAFK,1.5,-0.59,5,11.78,14,93,0.16,0.22,30.87,160,0.9,0.95,19
10602,GCRRLCWKQRCVTYCRGR,1.5,0.87,6,10.42,19,86,-0.36,0.25,0,40,1.62,1.01,18
13890,RWCFRVCYRGICYRKCRG,1.5,0.51,6,10.02,15,75,-0.25,0.27,0,40,1.83,1.03,18
13891,KWCFRVCYRGICYRKCRG,1.5,0.48,6,9.96,15,74,-0.24,0.27,0,40,1.9,1.02,18
973,GKMKEYFKKFGASFKRRFANLKKRL,1.5,1.06,10,12,18,95,-0.45,0.16,0,100,1.57,0.92,25
10522,KAKAKAVSRSARAGLQFPVGRIHRHLK,1.5,0.56,8,12.6,30,133,-0.23,0.19,0,70,1.06,0.99,27
8873,GWWRRTVDKVRNAGRKVAGFASKACGALGH,1.56,0.48,6,11.75,16,91,-0.11,0.29,0,50,1.2,0.91,30
10396,WRRRYRRWRRRRRWRRRPRR,1.56,3.65,16,13.24,21,66,-1.64,0,0,0,3.13,1.11,20
2973,GLLPCAESCVYIPCLTTVIGCSCKSKVCYKN,1.6,-0.67,2,7.83,6,25,0.38,0.25,116.99,60,0.72,1.1,31
14836,GIKEMLCNMACAQTVCKKSGGPLCDTCQAACKALG,1.6,-0.27,3,8.12,30,130,0.27,0.18,0,80,0.53,0.98,35
17200,KWCFRVCYRGICYSRCRG,1.7,0.31,5,9.5,14,80,-0.13,0.25,0,40,1.7,1.04,18
17201,KWCFRVCYRGICYRRCSG,1.8,0.31,5,9.5,14,79,-0.13,0.26,0,40,1.7,1.04,18
1967,KSCCPSTTARNIYNTCRLTGASRSVCASLSGCKIISGSTCDSGWNH,1.8,0.19,4,8.39,7,166,0.09,0.23,0,20,0.61,1.07,46
11532,KRCKNKMEGDDVAVSGRGARKAAKK,10,1.32,6,10.92,30,95,-0.41,0.3,0,30,1.23,0.91,25
3867,QRSVSNAATRVCRTGRSRWRDVCRNFMRR,10,1.16,8,12.2,22,108,-0.39,0.22,0,30,1.04,1.05,29
3872,QRSVSNAATRVCRTGRSRW,10,1.06,5,12.27,28,156,-0.35,0.38,0,40,1.08,1.05,19
12112,ALWKTMLKKLGTVALHAGKAALGAVADTISQ,10,-0.5,4,11.16,14,89,0.3,0.19,12.89,50,0.78,0.89,31
3871,RDVCRNFMRRYQSRVIQGLV,10,0.54,4,11.52,16,123,-0.13,0.31,4.71,60,0.99,1.01,20
12686,AAVALLPAVLLALLAPQLGKKILAARPSKKKRHW,10,-0.46,7,12.22,17,22,0.18,0.4,587.07,30,0.97,1.02,34
4405,IKIPSFFRNILKKVGKEAVSLIAGALKQS,10,-0.33,5,11.22,14,87,0.17,0.22,147.8,90,0.8,0.98,29
8715,GLPLCGETCVGGTCNTPGCSCGWPVCVRN,10,-0.32,0,5.66,30,29,0.34,0.2,0,30,0.37,1.06,29
7643,QDNSRYTHFLTQHYDAKPQGRDDRYSESIMRRRGLTSPSKDINTFIH,10,1.43,2,9.74,30,120,-0.24,0.21,30.24,20,0.99,1.06,47
13115,GIGKFLKKAKKFAKAFVKIINN,10,-0.01,8,14,15,90,-0.07,0.21,0,160,1.17,0.9,22
3868,QRSVSNAATRVSRTGRSRWRDVSRNFMRR,10,1.39,8,12.65,22,108,-0.46,0.22,0,30,1.04,1.05,29
10531,GLPCGESCVFIPCITTVVGCSCKNKVCYNN,10,-0.56,1,7.43,5,13,0.38,0.31,198.62,60,0.46,1.09,30
7645,KPKDMTSSQWFKTQHVQPSPQASNSAMSIINKYTERSKDLNTFLH,10,1.04,3,10.28,30,119,-0.15,0.23,10.4,30,0.93,1.11,45
3055,RIIDLLWRVWRPWKPKFVTVWVR,10,0.03,6,12.59,15,84,0.02,0.28,615.09,40,1.95,1.1,23
3054,RIIDLLWRVRRPWWPKFVTVWVR,10,0.05,6,12.7,15,86,0.01,0.27,571.68,40,1.9,1.1,23
12679,AAVALLPAVLLALLAPQLGKKKHRRRPSKKKRHW,10,0.36,10,12.61,19,9,-0.17,0.47,587.08,20,1.26,1.03,34
12680,LTVSPWYGCGQLGKKKHRRRPSKKKRHW,10,1.67,10,11.84,27,11,-0.63,0.45,0,20,1.96,1.04,28
12681,LTVSPWYGCGQLGRRRHRRRPSRRRRHW,10,1.8,10,12.47,25,16,-0.67,0.45,0,20,1.7,1.07,28
12683,LTVSPWYGCGMPFSTGKRIMLGE,10,-0.15,1,8.76,15,75,0.25,0.34,0,20,0.84,1.02,23
12684,LTVSPWYGCGKLAKLAKKLAKLAK,10,-0.14,6,10.74,14,78,0.04,0.16,0,50,1.42,0.96,24
12685,AAVALLPAVLLALLAPQLGRRRHRRRPSRRRRHW,10,0.47,10,13.05,16,28,-0.2,0.47,587.08,20,1.05,1.05,34
2549,CGGYCGGWHRLRCTSYRCG,10,0.52,3,8.57,16,86,-0.08,0.26,0,40,1.36,0.95,19
14621,WGKFFAGVKKLTKAILAVRA,10,-0.54,6,14,14,90,0.16,0.25,43.76,100,1.2,0.89,20
14623,WGKFFAGVKKLTKAILGEIA,10,-0.49,4,11.15,14,92,0.24,0.23,5.81,80,1.14,0.85,20
7640,KPPQFTWAQWFETQHINMTSQQSTNAMQVINNYQRRSKNQNTFLL,10,1.07,3,10.77,30,120,-0.16,0.22,18.4,30,0.98,1.07,45
806,GIGAVLKVLTTGLPALISWIKRKRQQ,10.4,-0.27,6,14,11,64,0.13,0.36,69.72,90,0.97,0.95,26
16508,VKRFKKFFRKLKKSVLL,10.5,0.29,9,14,16,115,-0.32,0.3,0,140,1.58,0.95,17
8233,GGVKRFKKFFRKLKKSV,10.5,0.79,9,14,17,91,-0.47,0.21,0,100,1.58,0.91,17
16620,QLIKKLRTWYRKAWHVLGKL,10.6,0.49,7,12.2,15,90,-0.21,0.29,0,80,2.06,0.93,20
16615,QVVKKIRTWYHKAWHVLGKV,100,0.36,6,11.77,14,102,-0.12,0.27,0,80,2.01,0.97,20
4388,GFSSIFRGVAKFASKGLGKDLAKLGVDLVA,100,-0.55,3,10.69,15,78,0.31,0.21,8.34,100,0.57,0.88,30
6168,FLPLIAGVAANFLPKIFCLISKKC,100,-1.34,3,9.65,11,69,0.53,0.25,251.21,150,0.46,1.05,24
6170,FLPLIAGVAASILPKIFCFITKKC,100,-1.48,3,9.65,9,58,0.58,0.29,412.87,150,0.46,1.06,24
10730,KVKVKVKVPPTKVKVKVK,100,0.32,9,14,30,90,-0.3,0.12,0,80,1.63,1.1,18
13116,GIVTILKGAVGVILGGL,100,-1.92,2,14,7,94,0.78,0.34,676.03,160,0.22,0.78,17
4275,GEFLKCGESCVQGECYTPGCSCDWPICKKN,100,0.39,-1,4.54,30,45,0.15,0.18,0,60,0.94,1.05,30
4278,GIPCGESCVFIPCITAAIGCSCKSKVCYRN,100,-0.66,2,7.83,6,27,0.38,0.3,25.2,80,0.54,1.1,30
4277,GLPTCGETCTLGTCYVPDCSCSWPICMKN,100,-0.21,-1,3.94,17,82,0.34,0.2,0,50,0.58,1.13,29
4276,GIPCGESCVFIPCITGAIGCSCKSKVCYRN,100,-0.58,2,7.83,7,23,0.36,0.29,2.61,60,0.54,1.08,30
16605,QVFKKFRPFYRRPWELFGKL,100,0.75,6,11.91,16,97,-0.24,0.29,0,60,1.64,1.06,20
13425,ITEVITILLNRLTDRLEK,100,-0.22,0,7,14,60,0.31,0.33,581.73,120,0.62,0.94,18
3443,GTGLPMSERRKIMLMMR,100,0.3,4,12.41,23,155,-0.03,0.47,9.91,40,0.72,0.97,17
4217,FLPIIAGAAAKVVEKIFCAISKKC,100,-1.16,3,9.59,10,61,0.48,0.24,141.84,150,0.66,1.01,24
16613,HLIHRLHTYWHKPWHYLGKL,100,0.78,4,10.88,15,88,-0.15,0.3,0,40,2.05,1.02,20
11935,GVWGIAKIAGKVLGNILPHVFSSNQS,100,-0.47,2,10.73,13,73,0.31,0.19,9.44,90,0.65,0.96,26
16607,TLYKKFRHFLKKPWHVVGKI,100,0.46,7,11.82,15,97,-0.2,0.26,0,60,1.78,1.01,20
16612,RFLKHLHTYYERAWHVIGHL,100,0.45,3,10.59,15,96,0,0.29,1.1,80,1.63,0.96,20
16608,HYIRHLKTWFHKPFKLIGKV,100,0.41,6,11.77,14,94,-0.14,0.2,0,100,1.67,1.02,20
16618,QVLKKVRTWYRKAFHVIGKV,100,0.24,7,12.2,14,101,-0.13,0.27,0,80,1.71,0.96,20
4543,FVKLKKILNIILSIFKK,11,-0.91,6,14,13,91,0.23,0.27,574.92,180,1.08,0.95,17
17202,KWCFRVCYSGICYSRCSG,11.8,-0.11,3,8.49,13,87,0.11,0.28,0,40,1.42,1.07,18
2545,CGGYSGGWHRLRSTSYRCG,12,0.87,3,9.86,16,87,-0.19,0.33,0,40,1.36,0.95,19
6333,QSHLSMCSVCCNCCKNYKGCGFCCRF,12,-0.19,3,7.9,27,143,0.19,0.26,0,40,0.68,1.08,26
12577,RFRPPIRRPPIRPPFYP,12,1.2,5,12.28,30,23,-0.42,0.19,0,30,1.02,1.5,17
4529,PAWRKAFRWAWHMLHHAA,12,0.52,3,12.14,13,109,-0.09,0.18,0,100,1.87,1.05,18
4908,GFKDLLKGAAKALKKTVLF,12,-0.31,5,11.28,14,104,0.13,0.24,0,120,0.97,0.86,19
14494,RFRRPIRRPPIRPPWYP,12,1.59,6,12.4,30,14,-0.6,0.25,0,30,1.57,1.44,17
12780,RGLRRLGRKIAHGVKKYG,12,0.98,8,12.6,16,86,-0.45,0.26,0,60,1.52,0.84,18
4907,GFKDLLKGAKKALVKTVLF,12,-0.44,5,11.28,13,110,0.17,0.27,0,100,0.97,0.86,19
16621,QIIKKVRTWIKKAWHLIGKI,12,0.07,7,14,13,92,-0.08,0.24,0,120,1.87,0.94,20
12211,GLPVCGETCVGGTCNTPGCTCSWWPVCTRN,12.2,-0.12,0,5.66,18,88,0.28,0.2,0,20,0.59,1.1,30
12200,GLPVCGETCVGGTCYTPGCTCSWPVCTRN,12.3,-0.23,0,5.66,18,82,0.31,0.21,0,30,0.54,1.1,29
14423,PFWRRRIRIRRRRIRIRRRWFP,12.3,1.61,13,14,16,90,-0.8,0.15,0,40,1.97,1.13,22
16610,QIFKKVKTWYKKAFQILGRL,12.4,0.3,7,11.82,14,94,-0.15,0.26,1.1,80,1.76,0.94,20
13908,FLPAIAGLAAKFLPKIFCAITKKC,12.49,-1.14,4,10.23,11,65,0.43,0.24,50.17,150,0.61,1.04,24
10251,FFPGIIKVAGAILPTAICAITKRC,12.5,-1.27,3,9.75,0,24,0.51,0.3,14.68,130,0.41,1.05,24
8921,LRVRLASHLRKLRKRLLR,12.5,0.56,8,12.81,16,90,-0.37,0.25,0,100,1.31,0.95,18
3075,GEKLKKIGKKIKNFFQKL,12.5,0.91,6,11.07,25,147,-0.37,0.14,0,120,1.57,0.86,18
13897,NLCASLRARHTIPQCRKFGRR,12.5,0.79,6,11.94,26,39,-0.29,0.3,0,60,0.89,1.06,21
8920,PMLRVRLASHLRKLRKRLLR,12.5,0.49,8,12.81,16,92,-0.31,0.23,0,100,1.17,1.01,20
2573,FIHHIFRGIVHAGRSIGRFLTG,12.5,-0.45,4,14,13,89,0.25,0.19,0,120,0.53,0.91,22
8062,LALERRSGWLRLFGLKPRRKH,12.5,0.83,6,12.3,18,66,-0.3,0.3,0,30,1.39,0.95,21
15261,LKLTGEIADLEQRSESLRNTTEELQSLIYNINNTLVDLEWL,12.98,0.39,-5,3.82,19,102,0.24,0.21,43.46,40,0.75,0.94,41
3885,FPFSLIPHAIGGLISAIK,120,-1.23,2,14,11,92,0.57,0.25,40.13,120,0.28,1.06,18
4297,FLSLIPSLVGGSISAFK,120,-1.32,1,9.86,5,44,0.59,0.25,5.95,100,0.22,1.02,17
16501,FQWQRNIRKVRPRVKRINRQWQF,125,1.57,9,14,30,161,-0.59,0.15,0,40,1.78,1.06,23
9703,KWKSFLKTFKSAEKTVLHTALKAISS,125,0.2,6,11.37,15,100,-0.01,0.22,0,90,1.22,0.99,26
3893,LLGMIPLAISAISALSKL,128,-1.75,2,14,7,57,0.73,0.34,49.35,200,0.2,1,18
12674,QLGKKKHRRRPSKKKRHW,128,2.84,10,12.61,30,160,-1.19,0.5,0,20,2.38,1.03,18
16102,FALGAVTCLIRTKCKVLPKLF,128,-1.08,4,10.39,12,72,0.39,0.38,90.71,100,0.64,1,21
13836,RKKRRQRRRCWTKSIPPKPC,128,2.19,10,12.14,30,80,-0.94,0.37,0,20,1.88,1.22,20
16977,SRDSRPVQPRVQPPPPPPKQKPSIYDTPIRRPGGRKTMYA,128,1.5,7,11.58,30,125,-0.4,0.17,0,30,0.99,1.32,40
11174,VTCYCRRTRCGFRERLSGACGYRGRIYRLCCR,128,0.49,9,10.39,16,95,-0.16,0.22,0,40,1.2,1,32
4393,ILGAILPLVSGLLSNKL,128,-1.55,2,14,8,45,0.66,0.42,11.88,100,0.22,0.95,17
11075,FLPLLLAGLPSFLCLVFKKC,128,-1.69,2,8.79,5,27,0.66,0.35,495.09,160,0.37,1.05,20
17326,KVMREVLGYERNSYKKFFLR,128,0.8,5,10.99,23,137,-0.21,0.32,0,40,1.55,0.95,20
17332,GLHKVMREVLGYERNSYK,128,0.93,3,10.43,18,77,-0.16,0.32,0,40,1.46,0.92,18
12018,KCVRQNNKRVCKGLRKRLRKFRNK,13.47,1.71,13,12.44,30,119,-0.79,0.22,0,60,1.58,0.98,24
16597,KLYKKFRHILKKVWHYVGKI,14,0.52,8,11.35,14,99,-0.27,0.19,0.87,120,2.22,0.95,20
12161,KPWRFRRAIRRVRWRKVAPYIPFVVKTVGKK,14.1,0.67,13,12.89,16,97,-0.35,0.26,0,30,1.76,1.1,31
16609,KIFKKFKDWFKKAFHVLGKV,14.8,0.28,7,11.45,15,97,-0.15,0.25,0,140,1.7,0.93,20
16611,RLIKRIKTWYRKAWKVVGKF,15,0.57,9,12.45,14,91,-0.33,0.27,0,80,2.23,0.96,20
1468,FLSLALAALPKFLCLVFKKC,15,-1.58,3,9.65,9,52,0.58,0.28,431.5,160,0.55,1.01,20
3052,RIIDLLWRVRRPWKPKFVTVWVR,15,0.18,7,12.71,16,81,-0.08,0.29,571.68,40,1.76,1.1,23
12365,KKLIKVFAKGFKKAKKLWKGIG,15,0.33,9,11.57,16,96,-0.27,0.23,0,60,1.82,0.86,22
12364,KKLIKVFAKGWKKAKKLFKGIG,15,0.33,9,11.57,16,96,-0.27,0.27,0,80,1.82,0.86,22
17933,GIFDVVKGVLKGVGKNVAGSLLEQLKCKLSGGC,15,-0.49,3,9.69,30,42,0.3,0.15,45.23,30,0.63,0.86,33
15139,KAAKKAWKAAKKAWKAWKKAA,15,1.03,9,11.57,21,117,-0.51,0.19,0,100,2.56,0.93,21
3053,RIIDLLWRVRRPQWPKFVTVWVR,15,0.17,6,12.7,16,82,-0.03,0.28,571.67,40,1.65,1.1,23
16598,KYIRHLKTWFKKVFKLIGEV,15,0.17,6,11.24,14,94,-0.06,0.23,8.88,120,1.78,0.93,20
12367,KKAAKAWAKGAKKAKKLAKGAG,15,0.86,9,11.57,30,95,-0.43,0.21,0,40,1.82,0.84,22
13164,GLLALLGELAEHLGSKI,15.5,-0.87,0,7.68,14,82,0.57,0.36,365.57,140,0.45,0.79,17
4541,FVKLKKIANIINSIFKK,15.54,-0.36,6,14,14,87,0.06,0.2,15.22,160,1.08,0.98,17
3884,FLFSLIPHAIGGLISAFK,150,-1.43,2,14,11,88,0.63,0.22,49.48,200,0.28,0.98,18
15136,KAAKKAWKAAKKAAKWWKKAA,155,1.03,9,11.57,24,143,-0.51,0.21,0,80,2.56,0.93,21
10437,IIGPVLGLIGKALGGLL,159.7,-1.82,2,14,10,88,0.75,0.29,63.66,200,0.22,0.82,17
13506,RRWCVYAYVRVRGVRVYAYVCW,16,-0.18,5,10.11,13,106,0.07,0.18,797.94,80,2.11,1.04,22
14453,RWRPPIRRPPIRPPFYP,16,1.42,5,12.28,30,24,-0.49,0.23,0,30,1.43,1.51,17
11077,FLPLLLAGLPKFLCLVFKKC,16,-1.53,3,9.65,13,81,0.57,0.26,401.19,160,0.55,1.03,20
14463,RFRPPIRRPPIRPPFYW,16,1.16,5,12.28,26,170,-0.41,0.19,0,30,1.43,1.44,17
13892,RVKRVWPLVIRTVIAGYNL,16,-0.49,4,11.85,12,97,0.18,0.25,44.69,60,1.21,1.02,19
13894,VWPLVIRTVIAGYNLYRAI,16,-0.98,2,10.22,11,81,0.44,0.28,19.88,80,1.16,1.03,19
2547,SGGYCGGWHRLRCTSYRSG,16,0.87,3,9.45,16,87,-0.19,0.28,0,20,1.36,0.95,19
14461,RFRPPIRRPPIRPPFWP,16,1.18,5,12.7,28,150,-0.42,0.19,0,30,1.13,1.5,17
11076,FLPKLLAGLPSFLCLVFKKC,16,-1.3,3,9.65,14,89,0.5,0.35,492.19,160,0.55,1.05,20
14492,RFRRPIRRRPIRPPFYR,16,1.71,8,12.58,27,147,-0.76,0.18,0,30,1.45,1.3,17
12237,GFWSSVWDGAKNVGTAI,16,-0.18,0,5.72,14,92,0.3,0.38,73.93,100,1.03,0.93,17
16333,RRIRFPFPPFPWQWPPAGFPTFHIPRIPRKQ,16,0.79,6,12.7,24,61,-0.2,0.21,0,20,1.09,1.33,31
14493,RWRPPIRRPPIRPPWYP,16,1.64,5,12.28,30,23,-0.56,0.35,0,30,1.83,1.51,17
14495,RRRRPIRRRPIRPPFYR,16,2.14,9,12.65,27,148,-0.95,0.27,0,30,1.59,1.3,17
14233,GLWSKIKDAAKTAGKAALGFVNEMV,16,-0.18,3,10.7,15,90,0.22,0.24,77.14,150,0.92,0.89,25
14496,RRRRPIRRRPIRPPWYR,16,2.36,9,12.65,27,148,-1.02,0.36,0,30,2,1.31,17
10849,ALWKEVLKNAGKAALNEINNLVQ,16,0.1,2,10.5,26,33,0.17,0.15,0,60,0.94,0.9,23
14300,QIWHKIRKLWQIIKDGF,16.1,0.44,4,11.66,14,88,-0.07,0.2,19.07,100,1.84,0.94,17
16622,QYLRRVRTWLRRAWHILGKV,16.5,0.56,7,12.7,14,100,-0.23,0.21,0,100,1.88,0.96,20
9873,WGRAFSAGVHRLARGGRG,16.75,0.48,5,14,15,82,-0.13,0.34,0,40,1.01,0.84,18
10534,GLPVCGETCTLGTCSTQGCTCSWPICKRN,160,-0.06,1,7.43,18,74,0.22,0.22,0,30,0.54,1.07,29
5236,GLPVCGETCFGGTCNTPGCSCTWPICTRD,160,-0.11,-1,3.94,19,79,0.31,0.19,0,30,0.37,1.09,29
10535,GGVCPKILQRCRRDSDCPGACICRGNGYCGSGSD,160,0.45,2,7.83,30,118,0.04,0.23,0,40,0.58,1.02,34
10536,GGVCPKILKKCRRDSDCPGACICRGNGYCGSGSD,160,0.44,3,8.12,30,120,0.02,0.23,0,40,0.69,1.02,34
16596,HIIKKIRTWYRKAWHVLGKV,17,0.38,7,12.2,14,90,-0.18,0.29,0,80,2.07,0.96,20
6703,FLPLLLSALPSFLCLVFKKC,17,-1.67,2,8.79,5,27,0.66,0.35,496.89,160,0.37,1.09,20
15138,KWWKKAAKAAKKAAKAAKKWA,17,1.03,9,11.57,30,28,-0.51,0.24,0,90,2.56,0.93,21
16602,RFLKHFKTVYKRYWKVLGRL,17,0.57,8,11.94,15,94,-0.29,0.27,0,60,2.03,0.96,20
4194,DSMGAVKLAKLLIDKMKCEVTKAC,17,-0.27,2,8.95,30,63,0.24,0.27,0,90,0.82,0.94,24
17198,KWCSRVCYRGICSRRCRG,17.3,0.68,6,10.37,19,69,-0.3,0.29,0,20,1.55,1.05,18
16599,KIFKKFKDFLKKIFQYLGKV,17.4,0.2,7,11.1,15,96,-0.12,0.19,5,160,1.6,0.92,20
16600,HIFKKVKTYWKKLFRILGRF,18,0.29,8,12.22,14,93,-0.2,0.27,0,80,1.83,0.95,20
16626,KWVKKVHNWLRRWIKVFEALFG,18.4,0.26,6,12.19,15,99,-0.07,0.23,206.19,100,1.96,0.94,22
10181,RWKIFKKIERVGQNVRDGIIKAGKAIQVLGTAKALGK,184.9,0.25,8,11.6,30,59,-0.05,0.18,4.34,40,1.18,0.88,37
4528,PAWHHAFHWAWRMLKKAA,19,0.48,3,11.63,14,99,-0.07,0.17,0,100,1.94,1.04,18
15140,KWAKKAAKWAKKAAKWAKKAA,19,1.03,9,11.57,30,45,-0.51,0.12,0,140,2.56,0.93,21
9179,GMWSKIKETAMAAAKEAAKAAGKTISDMIKQ,19.6,0.27,4,10.69,30,41,0.06,0.16,0,60,1.06,0.92,31
14160,RAKIFKKIEKVGRNVRDGIIKA,2,0.52,7,11.95,24,153,-0.19,0.18,0,80,1.23,0.91,22
12628,FLSLIPKAISAISALINHF,2,-1.36,2,14,13,85,0.61,0.26,92.77,200,0.27,1.06,19
12629,FLSLIPKIISAISALINHF,2,-1.5,2,14,13,85,0.65,0.26,289.82,200,0.27,1.06,19
14174,RAKIAKKIEKVGRNVRDGIIKA,2,0.57,7,11.95,24,153,-0.21,0.18,0,80,1.23,0.91,22
12630,FLSLIPKIISAISALIKHF,2,-1.48,3,14,13,86,0.59,0.27,173.83,200,0.46,1.06,19
11938,GGLRSLGRKILRAWKKYG,2,0.67,6,11.91,15,85,-0.3,0.27,0,40,1.69,0.85,18
11,RVKRVWPLVIRTVIAGYNLYRAIKKK,2,0.07,8,11.79,13,86,-0.09,0.28,18.63,30,1.6,1.01,26
8212,RWKIFKKIPKFLHSAKKF,2,0.63,8,14,15,88,-0.34,0.22,0,100,1.83,1.04,18
10833,FLSLIPKIATGIAALAKHL,2,-1.27,3,14,12,86,0.53,0.25,14.12,200,0.46,0.98,19
628,GRFKRFRKKFKKLFKKLS,2,1.29,11,14,17,95,-0.71,0.23,0,120,1.84,0.93,18
4595,GIIKKIIKKIIKKIIKKI,2,-0.49,9,14,13,84,-0.05,0.16,0,120,1.63,0.92,18
14234,GLWSKIKKAAKTAGKAALGFVNKMV,2,-0.15,7,14,14,93,0.05,0.23,10.46,150,1.16,0.89,25
14830,SNVYRPPPYRPVYRPLRRPGYRP,2,1.56,7,11.82,30,98,-0.5,0.28,0,20,1.52,1.38,23
16422,IICRKPIICRKPIICRKPIICRKPII,2,-0.58,9,11.39,30,8,0.11,0.19,0,60,0.94,1.21,26
16423,IICRKPIICRKPIICRKPIICRKPIICRKPII,2,-0.52,11,11.39,30,39,0.09,0.16,0,60,0.96,1.22,32
16418,ICRKPIICRKPIICRKPIICRKPI,2,-0.25,9,11.39,30,81,-0.01,0.13,0,60,1.02,1.23,24
16426,IIICRKPIICRKPIICRKPIICRKPIII,2,-0.86,9,11.39,30,5,0.22,0.23,0,70,0.87,1.2,28
17934,GKLRLIKKLWVKKWKKKGWKA,2,1.01,11,14,17,71,-0.55,0.35,0,20,2.68,0.88,21
15602,FLGALFKVASKLVPAAICSISKKC,2,-1.11,4,10.23,10,68,0.42,0.22,9.5,130,0.61,1.03,24
14948,KWKLFKKIRFGRFLRKIRRFRPK,2,1.11,13,14,16,85,-0.62,0.23,0,40,1.9,0.99,23
17196,KSCFRVCYRGICYRRCRG,2,0.51,6,10.04,16,87,-0.25,0.28,0,40,1.45,1.04,18
7654,VIHRAGLQFPVGRVHRLLRK,2,0.06,6,14,14,80,-0.03,0.14,0,80,0.88,0.97,20
15777,MANAGLQLLGFILAFLGW,2.1,-1.52,0,3.5,11,104,0.71,0.4,845.68,120,0.45,0.83,18
7009,DKPKKKPPPPAGPPPPPPPPPGPPPPGP,2.2,1.75,3,10.7,30,90,-0.41,0.56,0,20,0.52,1.71,28
4306,RFRLPFRRPPIRIHPPPFYPPFRRFL,2.3,0.7,8,12.88,29,148,-0.24,0.15,0,60,0.91,1.36,26
11271,FFKLIPKLVKGLISAFK,2.34,-0.96,5,14,13,92,0.3,0.17,17.84,200,0.86,0.99,17
4299,FLSLIPKLVKKIIKAFK,2.5,-0.86,5,11.27,13,83,0.21,0.21,0,200,1.08,1.01,17
14145,LKLSPKTKKTLKKVLKGAIKGAIAIASMA,2.5,-0.25,8,11.52,17,148,0.04,0.3,54.1,50,1.01,0.95,29
9705,FIFHIIKGLFHAGKMIHGLVTRRRHGVEELQDLDQRAFEREKAFA,2.5,0.28,2,10.35,18,75,0.11,0.27,22.64,50,0.81,0.9,45
10529,GTLPCGESCVWIPCISSVVGCSCKSKVCYKD,2.5,-0.47,1,7.43,1,13,0.35,0.28,13.15,60,0.78,1.11,31
4396,LKLSPKTKDTLKKVLKGAIKGAIAIASMA,2.5,-0.26,7,11.45,16,141,0.12,0.3,84.23,50,0.89,0.95,29
12671,ILELAGNAARDNKKTRIIPRHLQL,2.5,0.44,3,11.29,27,28,-0.02,0.29,0,30,0.78,0.97,24
9752,GIFPIFAKLLGKVIKVASSLISKGRTK,2.5,-0.63,6,11.81,13,77,0.22,0.25,0.96,90,0.77,0.97,27
14140,RPFTRAQWFAIQHISPRTIAMRAINNYRWR,2.5,0.67,6,12.4,15,86,-0.16,0.29,13.54,50,1.25,1.1,30
12528,GLPLLISWIKRKRQQAGPGSKKPVPIIYCNRRTGKCQRM,2.5,0.67,10,11.71,30,25,-0.22,0.29,184.36,30,1.19,1.07,39
4489,GSIPCGESCVFIPCISAVIGCSCSNKVCYKN,2.51,-0.72,1,7.43,5,17,0.43,0.3,74.36,80,0.44,1.12,31
4488,GIPCGESCVFIPCISSVIGCSCSSKVCYRN,2.51,-0.75,1,7.43,3,176,0.44,0.3,11.44,60,0.41,1.14,30
5815,GLPVCGETCFGGTCNTPGCTCDPWPVCTRN,2.6,0.04,-1,3.94,30,42,0.26,0.21,0,20,0.35,1.12,30
13114,FLGPTIGKIAKFILKHIVGLGDAALV,2.6,-1.17,3,10.98,13,89,0.53,0.21,5.05,120,0.48,0.9,26
5973,GRFKRFRKKFKKLFKKLSPVIPLLHL,2.7,0.37,11,14,16,103,-0.26,0.24,0,120,1.33,1.02,26
10689,RECKTESNTFPGICITKPPCRKACISEKFTDGHCRGFRRRCLCTKPC,2.7,0.69,7,8.8,30,103,-0.12,0.17,0,20,0.82,1.11,47
16502,FWRIRIRRPRRIRIRWF,2.7,0.93,9,14,15,90,-0.52,0.25,0,40,1.97,1.09,17
775,LVIRTVIAGYNLYRAIKKK,2.8,-0.27,5,11.03,13,66,0.06,0.31,18.97,50,1.37,0.95,19
2570,KTCENLADTFRGPCFATSNCDDHCKNKEHLLSGRCRDDFRCWCTRNC,2.8,0.92,1,7.34,30,113,-0.07,0.14,0,20,0.76,1.05,47
14153,RPRGMTSSQWFRIQHMQPSPQASNSAMRNINRHTRRSRDLNTFLH,2.83,1.3,7,12.57,30,119,-0.32,0.18,7.51,20,0.8,1.11,45
15259,FNATYLKLTGEIADLEQRSESLRNTTEELQSLIYNINNTLVDLEWLNRVE,2.96,0.48,-5,3.96,17,90,0.19,0.16,43.33,20,0.79,0.95,50
7120,KPKGMTSSQWFKIQHMQPSPQASNSAMKNINKHTKRSKDLNTFLH,20,1.21,7,11.38,30,118,-0.29,0.18,7.47,20,0.99,1.09,45
3051,RIIDLLWRVWRPQKPKFVTVWVR,20,0.14,6,12.59,16,81,-0.02,0.3,615.06,40,1.7,1.09,23
16616,QLIHKIRTWYRKAWHVLGKV,20,0.4,6,12.18,14,92,-0.13,0.27,0,80,1.95,0.96,20
3785,IKLSPETKDNLKKVLKGAIKGAIAVAKMV,20,-0.17,6,11.07,16,124,0.12,0.28,7.85,50,0.93,0.95,29
3788,IKIPAFVKDTLKKVAKGVISAVAGALTQ,20,-0.66,4,10.86,11,157,0.3,0.24,218.38,110,0.7,0.97,28
3050,RIIDLLWRVRRPQKPKFVTVWVR,20,0.3,7,12.71,17,77,-0.11,0.3,571.68,40,1.51,1.09,23
5238,GLPVCGETCTLGTCYTQGCTCSWPICKRN,20,-0.04,1,7.43,17,75,0.22,0.22,0,30,0.71,1.07,29
3787,IKIPAVVKDTLKKVAKGVLSAVAGALTQ,20,-0.69,4,10.86,12,162,0.31,0.23,126.95,110,0.7,0.96,28
16606,QIIKKIRTWYRKAWHVLGKV,20,0.4,7,12.2,14,90,-0.18,0.28,0,80,2.06,0.96,20
4195,GFMDTAKNVAKNVAVTLIDKLRCKVTGGC,20,-0.23,3,9.76,30,41,0.21,0.2,460.73,60,0.59,0.93,29
4406,GIFPIFAKLLGKVIKVASSLISKGRTE,20,-0.65,4,11.11,13,75,0.29,0.25,0.99,90,0.68,0.96,27
3786,LKIPGFVKDTLKKVAKGIFSAVAGAMTPS,20,-0.47,4,10.86,13,132,0.25,0.24,71.27,80,0.63,1,29
4537,FVDLKKIANIINSIFKK,20.97,-0.38,4,11.15,15,96,0.18,0.2,15.28,160,0.86,0.98,17
12391,FLSLIPHIVSGVAALANHL,200,-1.44,1,10.5,11,80,0.69,0.25,85.1,200,0.15,1.01,19
4390,KFASKGLGKDLAKLGVDLVACKISKQC,200,-0.17,4,10.04,19,75,0.15,0.21,1.38,50,0.86,0.92,27
4389,RGVAKFASKGLGKDLAKLGVDLVACKISKQC,200,-0.18,5,10.38,18,79,0.14,0.18,1.38,50,0.83,0.91,31
14422,RWKRINRQWFFWQRNIRKWR,21,1.89,9,14,16,90,-0.74,0.26,18.18,40,2.61,1.02,20
10539,GLPTCGETCTLGKCNTPKCTCNWPICYKN,21.94,0.36,2,7.83,30,123,0.06,0.15,0,30,0.84,1.12,29
10537,GLPTCGETCTLGKCNTPKCTCNWPICYKD,21.94,0.36,1,7.43,30,121,0.1,0.15,0,30,0.84,1.11,29
15133,KAAKKWAKAAKKWAKAWKKAA,211,1.03,9,11.57,20,105,-0.51,0.18,0,80,2.56,0.93,21
15142,AAKKWAKAKKWAKAKKWAKAA,211,1.03,9,11.57,30,150,-0.51,0.25,0,30,2.56,0.93,21
15135,KAAKKAWKAWKKAAKAWKKAA,211,1.03,9,11.57,20,99,-0.51,0.17,0,100,2.56,0.93,21
15134,KAAKKWAKAWKKAAKAWKKAA,211,1.03,9,11.57,19,96,-0.51,0.18,0,80,2.56,0.93,21
16603,KLIHRLKTVFKKVWHFLGHL,22,-0.1,6,14,14,93,0.02,0.18,1.03,160,1.42,0.93,20
13426,ITKVITKLLNRLTKILSK,25,-0.36,5,11.75,14,85,0.07,0.18,0,160,0.95,0.96,18
4213,FLPAIVGAAAKFLPKIFCAISKKC,25,-1.15,4,10.23,10,60,0.43,0.25,46.3,150,0.61,1.06,24
4294,RKGWFKAMKSIAKFIAKEKLKEHL,25,0.61,6,11.05,29,39,-0.2,0.29,0,40,1.63,0.91,24
4387,GFSSIFRGVAKFASKGLGKDLAKLGVDLVASKISKQS,25,-0.19,5,10.96,27,41,0.17,0.14,7.93,40,0.7,0.92,37
4394,GLLDTLKGAAKNVVGSLASKVMEKL,25,-0.37,3,10.7,26,40,0.28,0.21,2.22,100,0.64,0.88,25
4214,FLPIIAGIAAKFLPKIFCTISKKC,25,-1.17,4,10.23,11,67,0.44,0.28,93.78,150,0.61,1.07,24
5225,KWKLFKKISKFLHLAKKF,25,0.34,8,14,15,93,-0.25,0.22,0,100,1.89,0.95,18
5204,KWKLFKKILKFLHLAKKF,25,0.08,8,14,14,94,-0.17,0.23,0,100,1.89,0.92,18
15090,QQCRRPLYCRRRKALAALAKKIL,25,0.53,8,11.65,18,112,-0.27,0.31,1.36,70,1.34,1.03,23
5211,KWKLFKKIPKFLHLAKK,25,0.57,8,14,15,90,-0.35,0.28,0,90,2,1,17
3076,GEKLKKIGQKIKKFFQKL,25,0.91,6,11.07,25,145,-0.37,0.13,0,120,1.64,0.86,18
6167,FLGAIAGVAAKFLPKVFCFITKKC,25,-1.24,4,10.23,10,63,0.46,0.27,340.56,150,0.61,0.98,24
4216,FLPIIAGAAAKVVQKIFCAISKKC,25,-1.16,4,10.23,10,62,0.43,0.24,43.31,150,0.66,1.02,24
13909,FLPAIAGVAAKFLPKIFCAITKKC,25.11,-1.16,4,10.23,10,60,0.43,0.24,56.5,150,0.61,1.05,24
11567,ALWKDILKNAGKAALNEINQIVQ,256,0.05,2,10.5,24,41,0.18,0.16,1.02,60,0.94,0.91,23
12185,GIMDTVKNAAKNLAGQLLDKLK,256,0.15,2,10.28,16,86,0.1,0.17,0,130,0.72,0.88,22
4302,GIACGESCVFLGCFIPGCSCKSKVCYFN,26,-0.88,1,7.43,13,77,0.48,0.25,162.87,70,0.49,1.04,28
4540,FKKLKKIANIINSIFKK,27.72,0.12,7,14,14,92,-0.15,0.26,15.22,160,1.3,0.97,17
18209,FFPLIFGALSSILPKIL,273.1,-1.75,2,14,12,84,0.73,0.36,174.27,200,0.22,1.07,17
16623,QLLKKIRTWYRKAWHVYGKV,28,0.72,7,11.6,15,91,-0.28,0.26,0,60,2.31,0.96,20
5910,MWKWFHNVLSWWWLLADKRPARDYNRK,29,0.99,4,10.94,17,71,-0.21,0.38,805.15,30,2.2,1.04,27
16619,QLLKKVRTWYRKAWHLYGKV,29.3,0.76,7,11.6,15,94,-0.29,0.26,0,60,2.31,0.95,20
12032,GLLEALAELLEGRKKRRQRRRPPQ,29.4,1.4,6,12.12,23,45,-0.4,0.46,0,20,1.18,0.97,24
11531,CKILSKTIKCRIPCGRRKEY,3,0.63,6,10.5,24,28,-0.25,0.26,0,60,1.42,1.06,20
661,ALWKDILKNVGKAAGKAVLNTVTDMVNQ,3,-0.07,3,10.71,24,53,0.19,0.14,40.68,60,0.82,0.92,28
9755,FFGRLKSVWSAVKHGWKAAKSR,3,0.44,6,12.19,18,71,-0.17,0.28,5.82,80,1.59,0.96,22
4906,GFKDLLKKAAKALVKTVLF,3,-0.55,5,11.28,13,111,0.2,0.25,0,120,0.97,0.89,19
4900,GFKKLLKGAAKALVKTVLF,3,-0.72,6,14,12,111,0.2,0.25,0,120,0.97,0.86,19
4386,GFSSIFRGVAKFASKGLGKKLAKLGVKLVACKISKQC,3,-0.35,9,11.13,30,28,0.11,0.15,6.27,50,0.89,0.92,37
10609,GCRRWCYKQRCVTYCRGR,3,1.15,6,10.1,18,81,-0.45,0.33,0,20,1.9,1.03,18
4527,PAWRKAFRWAWRMLKKAA,3,0.67,6,12.44,14,102,-0.3,0.16,0,100,2.18,1.03,18
4418,FLPILASLAAKFGPKLFSLVTKKS,3,-0.8,4,11.15,12,65,0.32,0.26,83.74,70,0.61,1.04,24
3348,SAVGRHGRRFGLRKHRKH,3,1.63,7,12.71,19,29,-0.65,0.31,0,40,1.33,0.91,18
3536,FLPILASLAAKFGPKLFCLVTKKC,3,-1.07,4,10.23,12,67,0.41,0.25,164.41,70,0.61,1.04,24
970,GLFGKLIKKFLRKAISYAVKKARGKH,3,0.28,9,11.73,19,56,-0.19,0.22,3.07,60,1.43,0.89,26
4484,GLPVCGETCVGGTCNTPGCACSWPVCTRN,3.1,-0.24,0,5.66,30,42,0.32,0.18,0,30,0.37,1.09,29
4485,GLPVCGETCVGGTCNTPGCGCSWPVCTRN,3.1,-0.16,0,5.66,30,42,0.29,0.2,0,30,0.37,1.07,29
3074,GKKLKKIGQKIKNFFQKL,3.12,0.91,7,11.45,25,148,-0.43,0.13,0,120,1.57,0.87,18
5147,KWKLFKKIGIGKFLHSAKKF,3.125,0.31,8,14,15,88,-0.2,0.23,0,40,1.7,0.9,20
8065,GLLSVFKGVLKTAGKNVAKNVAGSLLDQLKCKISGGC,3.125,-0.39,5,10.41,28,26,0.23,0.2,110.44,30,0.63,0.89,37
11526,KWKIFKKIEKVGRNIRNGIIKAVAVLGEAKAL,3.13,-0.01,7,11.32,14,95,0.03,0.23,245.76,80,1.25,0.89,32
10686,RTCESQSNTFPGICITKPPCRKACISEKFTDGHCSKILRRCLCTKPC,3.2,0.41,6,8.53,30,85,-0.01,0.13,0,20,0.71,1.13,47
2971,GIPCAESCVWIPCTVTALIGCGCSNKVCYN,3.2,-0.82,0,5.66,1,174,0.49,0.27,192.78,30,0.56,1.09,30
9012,LKAAAAAAKLAAKAAKAALKAAAAAAKL,3.2,-0.86,6,11.38,8,90,0.29,0.14,0,280,0.79,0.89,28
1770,GLPVCGETCVGGTCNTPGCSCSWPVCTRN,3.24,-0.15,0,5.66,30,42,0.29,0.2,0,30,0.37,1.1,29
12618,RQCKRESNTFTGICIAKPPCRQACIREKFTDGHCSKVLRRCLCTKRC,3.32,0.62,9,9.62,30,115,-0.14,0.18,22.38,20,0.89,1.07,47
9878,WLRAFRRLVRRLARLLRR,3.32,0.41,9,14,14,87,-0.33,0.19,0,120,1.47,0.95,18
564,GKPRPYSPRPTSHPRPIRV,3.5,1.58,5,12.12,30,108,-0.51,0.45,0,20,1.05,1.39,19
616,TLLKKVLKAAAKAALNAVLVGANA,3.5,-0.93,4,11.15,9,109,0.36,0.2,162.21,120,0.61,0.89,24
2156,AIGSILGALAKGLPTLISWIKNR,3.5,-0.73,4,14,9,62,0.34,0.31,102.76,150,0.73,0.95,23
4304,KLCGETCFKFKCYTPGCSCSYPFCK,3.5,0.06,3,8.1,17,90,0.1,0.15,0,40,1.04,1.13,25
9875,WGRAFRRGVRRLARGGRR,3.67,1.34,9,14,16,81,-0.62,0.28,0,40,1.47,0.87,18
16512,VRRFRRFFRRLRRSVLL,3.8,0.51,9,14,15,110,-0.39,0.3,0,140,1.15,1,17
12592,FKKLKKLFSKLWNWKRKKRRQRRR,3.9,2.12,15,14,19,72,-1,0.35,0,30,2.47,0.97,24
15209,QKQIANQFNKAISQIQESLTTTSTALGKLQDVVNQNAQALNTLVKQ,3.97,0.46,2,10.22,30,119,0.06,0.15,11.92,50,0.59,0.97,46
2970,GLPVCGETCFGGRCNTPGCTCSYPICTRN,30,0.03,1,7.43,30,39,0.2,0.17,0,30,0.39,1.1,29
2043,ICIFCCGCCHRSKCGMCCKT,30,-0.79,3,7.91,22,7,0.34,0.41,2.76,70,0.56,1.07,20
5499,AGYLLGKINLKALAALAKKIL,30,-0.93,4,10.78,12,84,0.34,0.19,2.12,70,0.94,0.85,21
1471,GLFDVVKGVLKGAGKNVAGSLLEQLKCKLSGGC,30,-0.4,3,9.69,30,44,0.27,0.17,25,30,0.63,0.85,33
8795,HTASDAAAAAALTAANAAAAAAASMA,30,-0.89,-1,4.85,6,132,0.55,0.32,2.33,160,0.06,0.96,26
12031,GLLEALAELLEGLRKRLRKFRNKIKEK,31.8,0.68,6,11.44,18,72,-0.15,0.26,0,110,1.23,0.85,27
14829,SNGYRPAYRPAYRPSYRP,32,1.75,5,11.1,21,82,-0.52,0.4,0,20,1.67,1.3,18
17032,RTHRAGLQFPVGRVHRLLRK,32,0.75,7,14,16,95,-0.29,0.28,0,80,1,0.98,20
12407,IETFLKQLRSAANKIVGL,32,-0.35,2,10.69,14,95,0.24,0.31,0,180,0.68,0.92,18
13074,KETWWETWWTEWSQPKKKRKV,32,2.04,3,10.5,22,64,-0.53,0.57,0,10,2.88,1.04,21
15994,FIQHLIPLIPHAIQGIKDIF,32,-0.88,1,9.86,13,86,0.51,0.22,1.94,180,0.45,1.06,20
14831,FYPRPYRPPYLPDPRPFPRPLPAFGHEFRRH,32,1.29,4,10.94,30,47,-0.29,0.22,0,30,1.1,1.36,31
14460,RFRPPIRRPPIRPPWYP,32,1.42,5,12.28,30,23,-0.49,0.26,0,30,1.43,1.51,17
13625,SFLTTVKKLVTNLAALAGTVIDTIKCKVTGGC,32,-0.79,3,9.57,13,86,0.39,0.2,315.68,110,0.46,0.94,32
12184,GIMDTVKNAAKNLAGQLLDKLKCKITAC,32,-0.12,3,9.69,30,31,0.17,0.17,0,100,0.7,0.92,28
11171,GKEFKRIVWLSKTAKKL,32,0.55,6,11.81,16,100,-0.22,0.33,15.93,50,1.71,0.92,17
13027,AAKIILNPKFRCKAAFC,32,-0.55,5,10.96,15,65,0.18,0.36,0,80,0.79,1.06,17
17197,KWCFRVCSRGSCYRRCRG,32,0.78,6,10.37,17,71,-0.33,0.3,0,20,1.55,1.06,18
14296,KVWKIKKNIRRLLHGIKRGWKG,34,0.97,10,14,15,89,-0.47,0.23,0,80,2.03,0.89,22
10040,RYRRKKKMKKALQYIKLLKE,350,1.54,9,11.31,30,97,-0.69,0.41,0,40,2.28,0.94,20
16624,QIYKKYRTWYRKAWKVLGKV,36,1.01,8,11.25,15,95,-0.42,0.36,0,40,2.68,0.97,20
17987,FHAWAKLLKGVGRFFKGIGRW,4,-0.05,6,14,14,91,0.02,0.15,0,90,1.49,0.86,21
16427,IIICRKPIICRKPIICRKPIICRKPIICRKPIII,4,-0.75,11,11.39,30,32,0.18,0.2,0,70,0.9,1.2,34
14301,FAKKLAKLAKKLAKLALAL,4,-0.68,7,14,13,107,0.14,0.28,97.09,220,1.16,0.88,19
14302,FALALKALKKLAKKLKKLAKKAL,4,-0.22,10,14,15,79,-0.08,0.28,0,180,1.44,0.88,23
14048,ALWKTLLKHVGKAAGKAALNAVTDMVNQ,4,-0.16,4,11.16,26,33,0.19,0.14,4.1,60,0.87,0.91,28
16581,DILIIVGGGSGKERKKRRR,4,0.93,6,12.14,19,2,-0.31,0.61,508.38,20,1.16,0.86,19
14490,RWRWPIRRRPIRPPFWR,4,1.69,7,12.88,18,92,-0.69,0.23,0,30,2.23,1.3,17
16101,FALGAVTKVLPKLFCLITRKC,4,-1.08,4,10.39,11,67,0.39,0.24,137.9,120,0.64,1,21
16425,IIICRKPIICRKPIICRKPIII,4,-1.02,7,11.39,26,5,0.29,0.29,0,70,0.83,1.19,22
16419,ICRKPIICRKPIICRKPIICRKPIICRKPI,4,-0.25,11,11.39,30,85,-0.01,0.1,0,60,1.02,1.23,30
14419,KILRGVCKKIMRPFLRRISKDILTGKK,4,0.3,10,12.18,29,30,-0.18,0.17,0,60,1.18,0.98,27
14716,PMKKLKLALRLAAKIAPVW,4,-0.46,5,11.78,13,111,0.12,0.23,0,120,1.27,1.04,19
13888,RVKRVWYLVIRTVIAGYNLPRAIKKK,4,0.07,8,11.79,13,85,-0.09,0.28,568.67,30,1.6,1.01,26
16103,FALGAVTKVLYKLFCLITRKC,4,-1.1,4,10.08,11,66,0.39,0.24,118.6,120,0.88,0.96,21
14470,RFRWPIRRPPIRPPFYR,4,1.33,6,12.4,27,8,-0.52,0.18,0,30,1.57,1.37,17
16415,VCRKPVVCRKPVVCRKPVVCRKPVVCRKPV,4,-0.15,11,11.39,30,84,-0.05,0.1,0,60,1.02,1.24,30
14469,RFRWPIRRRPIRPPFYP,4,1.33,6,12.4,27,5,-0.52,0.22,0,30,1.57,1.37,17
14480,RWRRPIRRRPIRPPWYP,4,1.98,7,12.5,30,16,-0.78,0.33,0,30,2.12,1.38,17
14483,RFRWPIRRRPIRPPFWR,4,1.48,7,12.88,18,92,-0.63,0.2,0,30,1.82,1.3,17
14487,RWRRPIRRRPIRPPFWR,4,1.91,8,12.94,26,149,-0.82,0.25,0,30,1.97,1.3,17
14477,RFRWPIRRRPIRPPFYW,4,1.29,6,12.4,16,102,-0.51,0.22,0,30,1.98,1.31,17
13895,LVIRWVRAGYKLYRAIKKK,4,0.23,8,11.94,15,63,-0.2,0.26,0,50,2.06,0.94,19
13893,KRVWPLVIRTVIAGYNLYR,4,-0.21,4,11.23,12,88,0.09,0.33,86.79,60,1.48,1.03,19
14481,RFRWPIRRRPIRPPWYR,4,1.72,7,12.5,27,5,-0.7,0.24,0,30,2.12,1.31,17
16974,FLSLIPKIAGGIAALVKNL,4,-1.4,3,14,12,84,0.57,0.29,84,200,0.39,0.95,19
14489,RWRWPIRRRPIRPPWYR,4,1.94,7,12.5,27,4,-0.77,0.33,0,30,2.53,1.31,17
14475,RWRWPIRRPPIRPPFYR,4,1.55,6,12.4,27,7,-0.59,0.24,0,30,1.98,1.37,17
16421,IICRKPIICRKPIICRKPII,4,-0.68,7,11.39,26,7,0.15,0.24,0,60,0.92,1.21,20
12644,FIVPSIFLLKKAFCIALKKC,4,-1.4,4,10.23,11,72,0.48,0.26,58.78,120,0.73,1.04,20
5000,KWKKLLKKLLKLLKKLLK,4,0.31,10,14,15,95,-0.35,0.23,0,80,2.22,0.87,18
11805,ALWKSLLKNVGKAAGKAALNAVTDMVNQ,4,-0.15,4,11.16,26,34,0.18,0.14,4.1,60,0.82,0.91,28
1805,GILSSIKGVAKGVAKNVAAQLLDTLKCKITGC,4,-0.59,4,10.18,28,29,0.3,0.15,12.15,60,0.61,0.92,32
2370,FFHHIFRGIVHVGKTIHRLVTG,4,-0.45,4,14,13,92,0.25,0.2,0,120,0.65,0.93,22
14478,RWRRPIRRRPIRPPFYW,4,1.72,7,12.5,26,169,-0.7,0.23,0,30,2.12,1.31,17
12627,FLSLIPKAISAISALANHF,4,-1.22,2,14,13,83,0.57,0.23,13.54,200,0.27,1.06,19
12228,LLGAALSALSSVIPSVISWFQK,4,-1.2,2,14,5,43,0.57,0.34,142.4,160,0.54,1.04,22
11804,ALWKDLLKNVGKAAGKAVLNKVTDMVNQ,4,0.06,4,10.87,27,39,0.11,0.13,0,60,0.95,0.91,28
16648,RFRLPFRRPWPIRIHPPPFYPWPFRRFL,4,0.71,7,12.5,16,93,-0.23,0.16,0,20,1.34,1.34,28
16651,RFRLPFRRPPIRIHPPPFY,4,0.81,6,12.7,27,16,-0.27,0.17,0,60,0.99,1.38,19
12781,RGWRRWGRKWAHGWKKYG,4,2.09,8,12.6,17,86,-0.79,0.52,0,20,3.06,0.88,18
16649,RFRLPFRRPPIRIPPPFYPPFRRFL,4,0.6,8,12.88,28,146,-0.22,0.15,0,70,0.89,1.37,25
13650,FLFKLIPKAIKGLLKAFK,4,-0.82,6,14,14,82,0.22,0.17,0,200,1.02,0.95,18
13648,FLFKLIPKAIKGLIKAFK,4,-0.86,6,14,13,86,0.23,0.17,0,200,1.02,0.96,18
16647,RFRRFRLPFRRIHPPPFVRIHPPPFYRRFL,4,0.73,10,13,30,143,-0.28,0.13,0,50,1,1.28,30
10585,IVPFLLGMVPKLVCLITKKC,4,-1.52,3,9.85,11,70,0.56,0.28,144.49,140,0.55,1.06,20
11382,GLLRRLRDFLKKIGEKFKKIGY,4,0.58,7,11.53,15,91,-0.21,0.18,0,120,1.46,0.86,22
10755,NPEKALEKLIAIQKAIKGMLNGWFTGVGFRRKR,4,0.4,6,11.52,16,93,-0.07,0.27,26.14,60,1.1,0.91,33
1023,GIFSKLAGKKIKNLLISGLKG,4,-0.34,6,14,13,79,0.11,0.3,2.82,50,0.87,0.85,21
11173,GKEFKRIVGRIYRLCCR,4,0.39,6,11.26,15,103,-0.17,0.29,0,140,1.38,0.95,17
16645,RFRLPFRRIHPPPFVRIHPPPFYRRFL,4,0.58,8,12.88,30,154,-0.2,0.15,0,50,0.93,1.31,27
11172,GKEFKRIVKWPWWPWRR,4,1.44,6,12.43,16,101,-0.5,0.39,0,30,2.79,1.09,17
11470,RKKRRQRRRLNLKALLAVAKKIL,4,0.89,12,14,18,123,-0.51,0.37,28.41,40,1.49,0.93,23
10601,GCRRLCYKQRCVTYCRGR,4,0.89,6,10.1,20,92,-0.37,0.25,0,40,1.52,1.02,18
14479,RWRRPIRRRPIRPPFYR,4,1.93,8,12.58,30,18,-0.83,0.25,0,30,1.86,1.31,17
18237,LLGDFFRKSKEKIGKEFKRIVQRIKDFLRNLVPRTES,4.03,0.72,7,11.44,30,50,-0.14,0.18,0,60,1.06,0.96,37
14421,PFWRIRIRRPRRIRIRWFP,4.2,1,9,14,15,90,-0.49,0.23,0,40,1.76,1.2,19
14152,KPPQFTKAQWFAIQHISLNPPKSTIAMKAINNYKWKSKNQNTFLK,4.25,0.82,8,11.18,30,117,-0.19,0.27,13.43,30,1.22,1.11,45
17988,IRAWAKVLKGVGKILKGVGRW,4.3,-0.23,7,14,13,87,0.03,0.16,0,90,1.59,0.85,21
17195,KWCFKVCYKGICYKKCKG,4.3,0.34,6,9.76,24,26,-0.2,0.28,0,40,2.17,0.99,18
13110,GLGDFIKAIAKHLGPLIGILPSKLKVAA,4.5,-0.83,4,11.16,13,96,0.39,0.16,0.76,150,0.58,0.94,28
11270,FFSLIPKLVKGLISAFK,4.69,-1.15,4,14,12,88,0.42,0.22,17.84,200,0.65,1.01,17
15260,FNATYLKLTGEIADLEQRSESLRNTTEELQSLIYNINNTLVDL,4.77,0.38,-4,3.9,17,93,0.22,0.2,42.05,20,0.64,0.95,43
17989,WRAWAKIYHGVGKLLKGVGRW,4.8,0.26,6,12.18,13,90,-0.08,0.23,0,90,2.06,0.87,21
4487,GSIPCGESCVFIPCISSVIGCACKSKVCYKN,4.91,-0.7,2,7.83,1,172,0.39,0.32,11.99,60,0.56,1.11,31
4486,GIPCGESCVFIPCLTSAIGCSCKSKVCYRN,4.91,-0.55,2,7.83,7,23,0.34,0.28,1.28,60,0.54,1.1,30
15615,WEQKIEELLKKAEEQQKKNEEELKKLEKC,4.90E-07,1.85,-1,5.05,30,62,-0.3,0.26,0,40,1.77,0.88,29
16614,QRIRQLHTWIKKAWHIWPKI,40,0.77,6,14,14,96,-0.25,0.12,0,40,2.11,1.05,20
606,ALWMTLLKKVLKAAAKAALNAVLVGANA,40,-1.03,4,11.16,10,98,0.42,0.22,235.22,100,0.77,0.9,28
10532,GGTIFDCGESCFLGTCYTKGCSCGEWKLCYGTN,40,-0.01,-1,4.32,17,82,0.27,0.19,4.41,50,0.82,0.93,33
10530,GIPCAESCVWIPCTVTALLGCSCKDKVCYLD,40,-0.78,-1,4.18,13,77,0.51,0.26,120.13,30,0.66,1.09,31
10533,GLPVCGETCFGGTCNTPGCACDPWPVCTRD,40,-0.04,-2,3.57,30,42,0.32,0.19,0,40,0.35,1.11,30
15137,KAAKKAWKWAKKAAKWAKKAA,42,1.03,9,11.57,30,109,-0.51,0.19,0,140,2.56,0.93,21
16496,GLFDVIKKVASVIGPLG,42.4,-1.11,1,9.93,13,98,0.53,0.29,14.74,140,0.43,0.94,17
12208,GLPVCGETCVGGTCNSPGCTCSWPVCTRN,43.8,-0.15,0,5.66,30,42,0.29,0.2,0,30,0.37,1.1,29
4538,FKDLKKIANIINSIFKK,44.7,0.09,5,11.27,15,98,-0.02,0.26,15.87,160,1.08,0.97,17
4544,FVDLKKIANIINSIFGK,44.92,-0.59,3,10.98,15,99,0.31,0.21,31.72,160,0.65,0.95,17
14298,AFLYRLTRQIRPWWRWLYKW,45.5,0.67,6,12.12,14,89,-0.22,0.22,0,80,2.63,1.06,20
1105,GFIATLCTKVLDFGIDKLIQLIEDK,46,-0.64,-1,4.32,14,71,0.48,0.21,315.69,90,0.54,0.91,25
14293,DLFKQLQRLFLGILYCLYKIW,47,-0.63,3,10.03,14,99,0.34,0.34,867.6,140,1.4,0.94,21
16595,RVFKKFHPIYHRVWRLWGHL,49,0.49,6,12.43,15,98,-0.16,0.18,0,100,1.9,1.03,20
10528,GIPCGESCVWIPCLTSAIGCSCKSKVCYRN,5,-0.42,2,7.83,15,76,0.31,0.26,2.08,60,0.77,1.11,30
4229,GFSSIFRGVAKFASKGLGKDLAKLGVDLVACKISKQC,5,-0.37,5,10.4,27,41,0.22,0.15,7.9,50,0.7,0.92,37
4300,FLGMIPKLIKKLIKAFK,5,-0.75,5,11.27,14,81,0.18,0.2,0,200,1.08,0.96,17
4298,FLGMIPGLIGGLISAFK,5,-1.55,1,9.86,10,83,0.66,0.25,224.38,200,0.22,0.89,17
12390,FLSLIPHIASGIASLVKNF,5,-1.23,2,14,13,82,0.57,0.25,15.54,200,0.27,1.03,19
14304,KWKLFKKALKKLKKALKKAL,5,0.63,11,14,16,92,-0.45,0.13,0,90,2.18,0.89,20
3886,FLFSLIPKAIGGLISAFK,5,-1.39,3,14,11,88,0.56,0.24,43.49,200,0.41,0.97,18
12382,FLSLLPHIASGIASLVSKF,5,-1.33,2,14,11,89,0.6,0.2,17.35,200,0.27,1.04,19
15168,SLTQINTTLLDLTYEMLSLQQVVKALNESYIDLKEL,5,-0.13,-3,3.8,16,86,0.37,0.13,4.68,30,0.69,0.96,36
9180,GMWSKIKNAGKAAAKAAAKAAGKAALDAVSEAI,5,-0.14,5,10.98,30,43,0.16,0.17,0,60,0.92,0.9,33
3889,FLSLIPHIVSGVASIAKHF,5,-1.26,2,14,11,85,0.58,0.25,20.04,200,0.35,1.05,19
3056,RIIDLLWRVWRPWWPKFVTVWVR,5,-0.1,5,12.58,14,88,0.1,0.26,615.09,40,2.09,1.1,23
15166,VVEQYNQTILNLTSEISTLENKSAELNYTVQKLQTLIDNINSTLVDLKWL,5,0.16,-3,4.01,18,97,0.25,0.15,15.23,20,0.76,0.98,50
9469,FLPAALAGIGGILGKLF,5,-1.65,2,14,6,50,0.69,0.33,3.42,180,0.22,0.85,17
15210,QNQSANQFQKEISQINEVLTTTNTSLGKLQDDVNQNNQSLNTLQKE,5.07,1.19,-2,4.16,30,87,-0.08,0.2,2.41,20,0.57,0.98,46
17187,GARELRRLERELRRLEKGGGGGGKLAALKFKLLWLKLAC,5.3,0.35,7,11.35,29,146,-0.05,0.25,1.76,40,1.16,0.81,39
17199,KWCFRVCYSGICYRRCRG,5.3,0.31,5,9.5,14,76,-0.13,0.34,0,40,1.7,1.04,18
9736,MQFITDLIKKAVDFFKGLFDNK,5.39,-0.07,1,9.52,15,82,0.22,0.18,12.18,90,0.72,0.93,22
17185,GARELRRLERELRRLEGGGGGGGKLAALKFKLLWLKLAC,5.4,0.26,6,11.28,15,100,0.01,0.26,1.76,40,1.06,0.79,39
8057,KWKVFKKIEKKWKVFKKIEKAGPKWKVFKKIEK,5.6,1.13,13,11.27,30,54,-0.47,0.12,0,20,2.41,0.96,33
16513,LVRRFRRFFRRLRRSVLL,5.9,0.27,9,14,14,100,-0.29,0.32,0,140,1.09,0.99,18
1771,GVPICGETCTLGTCYTAGCSCSWPVCTRN,5.9,-0.34,0,5.66,15,76,0.35,0.2,0,30,0.54,1.09,29
12309,HSDGIFTDSYSRYRKQMAVKKYLAAVLGRRYRQRFRNK,50,1.14,10,11.56,18,91,-0.35,0.32,71.49,40,1.47,0.99,38
16627,AWLKRIKKFLKALFWVWVW,50,-0.52,6,14,13,105,0.14,0.28,711.03,60,2.36,0.96,19
5909,MWKWFHNVLSSWQLLADKRPARDYNRK,50,1.08,4,10.94,18,70,-0.24,0.35,11.68,30,1.74,1.05,27
6169,FLPVIASVAAKVLPKVFCFITKKC,50,-1.33,4,10.23,9,61,0.49,0.24,420.08,150,0.61,1.09,24
8063,NFAEIFAAVNKLIKQGVVKG,50,-0.49,2,10.38,15,90,0.29,0.23,320.99,70,0.68,0.89,20
13663,SRSSRAGLQFPVGRIHRLLRK,50,0.63,6,12.7,16,96,-0.24,0.28,0,40,0.89,1.01,21
5205,WKLFKKIPKFLHLAKKF,50,0.18,7,14,15,87,-0.17,0.19,0,160,1.79,1,17
14299,RIWGKHSRYIKIVKRLIQ,50,0.52,7,12.44,14,93,-0.25,0.26,0,40,1.84,0.98,18
8066,GLWDSIKNFGKTIALNVMDKIKCKIGGGCPP,50,-0.01,3,9.69,28,45,0.15,0.17,47.26,30,0.82,0.98,31
5912,MWKEFHNVLSSGQLLADKRWARWYNRW,50,0.93,3,10.74,16,90,-0.16,0.34,0,30,1.91,0.98,27
14252,GIGKFLHSAKKFGKAFV,50,-0.22,5,14,15,84,0.07,0.32,0,100,0.95,0.87,17
3073,GEKLKKIGQKIKNFFQKL,50,0.89,5,10.98,25,148,-0.31,0.13,0,120,1.43,0.87,18
14619,WDPYFAGVKKLTKAILAVRA,50,-0.29,4,11.01,15,96,0.18,0.29,53.09,40,1.27,0.99,20
4305,RRQRRTSKLMKRGGKLAKLAKKLAKLAK,50,1.12,13,12.73,18,104,-0.57,0.31,0,50,1.53,0.9,28
4215,FLPVIAGVAANFLPKLFCAISKKC,50,-1.24,3,9.65,12,50,0.5,0.27,147.1,150,0.46,1.06,24
4218,GLMDTIKGVAKTVAASWLDKLKCKITGC,50,-0.34,3,9.69,15,89,0.24,0.17,22.65,70,0.9,0.93,28
734,GLPVCGETCVGGTCNTPGCTCSWPVCTRN,500,-0.15,0,5.66,30,42,0.29,0.2,0,30,0.37,1.1,29
8108,KYLNFAKWLKGANLAKYANA,500,0.34,4,10.5,16,83,-0.06,0.16,1.25,40,1.59,0.93,20
12186,GIMDTVKNAAKNLAGQLLDKLKCSITAC,512,-0.23,2,8.94,17,105,0.24,0.2,0,100,0.57,0.94,28
16601,RLIKRLKTFVRKTWKWVGHF,52,0.49,8,14,14,93,-0.26,0.24,0,80,1.87,0.95,20
14292,YIWARAERVWLWWGKFLSL,56,-0.21,3,11.27,13,93,0.2,0.25,398.54,60,2.24,0.95,19
12315,HARIKPTFRRLKWKYKGKFW,57,1.31,8,11.95,18,110,-0.57,0.22,0,40,2.3,1.02,20
13505,RWCRRYRVRVRGVLVYAYVCW,6,0.07,6,10.94,13,111,-0.07,0.3,748.07,40,2.08,1.03,21
17328,GLAKVMRKVLGYLRNVYK,6,-0.01,6,11.54,14,80,-0.03,0.19,4.99,120,1.45,0.9,18
968,GLFGKLQKKFGRKAISYAVKKARGKH,6,0.75,9,11.73,26,35,-0.34,0.21,3.04,30,1.48,0.88,26
16332,RRIPFWPIPLRWQWPPPWFPPSFPIPRISRKR,6,0.79,7,12.8,18,75,-0.22,0.23,0,20,1.48,1.39,32
969,GLFGKLIKKKGRKAISYAVKKARGKH,6,0.7,10,11.76,29,16,-0.36,0.24,3.06,30,1.57,0.88,26
3460,RWKIFKKIEKVGQNIRDGIVKAGPAVAVVGQAATI,6,-0.13,6,11.62,16,151,0.14,0.22,335.18,80,0.97,0.94,35
16331,RRIPFWPPNLPGPRRPPWFLPDFRIPRIPRKR,6,1.11,8,12.58,30,44,-0.35,0.2,0,20,1.16,1.34,32
971,GKLIKKFGRKAISYAVKKARGKH,6,0.77,9,11.73,23,46,-0.39,0.26,3.06,30,1.61,0.9,23
4918,GFKDLLKGAAKALVKAVLF,6,-0.87,4,11.16,12,114,0.35,0.27,0,180,0.77,0.86,19
4910,GFKDLLKGAAKALVKTVKF,6,-0.33,5,11.28,15,97,0.13,0.18,0,120,0.97,0.87,19
9466,FLSLIPHIVSGVASLAKHF,6.25,-1.23,2,14,11,83,0.57,0.26,14.8,200,0.35,1.04,19
5151,KWKLFKKIPKFLHSAKKF,6.25,0.64,8,14,16,88,-0.35,0.21,0,100,1.89,1.02,18
5274,KWKLFKKIPFLHLAKKF,6.25,0.18,7,14,14,93,-0.17,0.25,0,50,1.79,1,17
14253,GIKKFLKSAKKFVKAFK,6.25,0.24,8,14,16,80,-0.24,0.21,0,140,1.51,0.92,17
11819,GFALAGLARILCLWFREFSGFFRRLNRRFAMRRR,6.25,-0.04,8,12.4,14,73,0.02,0.29,578.29,80,0.89,0.93,34
3077,GEKLKKIGQKIKNFFKKL,6.25,0.91,6,11.07,25,145,-0.37,0.13,0,120,1.57,0.86,18
9468,FLSMIPHIVSGVAALAKHL,6.25,-1.32,2,14,11,86,0.6,0.27,48.86,200,0.35,1.01,19
14980,SKVWRHWRRFWHRAHRKL,6.25,1.71,7,12.71,16,87,-0.68,0.27,0,60,2.49,1.03,18
5270,FKLFKKIPKFLHLAKKF,6.26,-0.04,7,14,15,88,-0.1,0.16,0,160,1.38,1,17
10436,GIGGALLSAGKSALKGLAKGLAEHFAN,6.3,-0.41,3,10.99,14,75,0.3,0.19,1.31,60,0.51,0.81,27
16503,PFWRIRIRRPFWRIRIRR,6.3,0.97,8,12.94,15,84,-0.5,0.16,0,40,1.86,1.15,18
15088,RPLNFKMLRFWGQQQCRRPLYCRRR,6.3,1.25,8,11.99,18,80,-0.47,0.23,0,30,1.46,1.09,25
13898,NLSASLRARHTIPQSRKFGRR,6.3,1.1,6,12.7,26,40,-0.39,0.29,0,20,0.89,1.05,21
4286,IPCGESCVWIPCITAIAGCSCKNKVCYT,6.4,-0.75,1,7.43,1,6,0.44,0.28,32.83,80,0.74,1.12,28
4287,AIPCGESCVWIPCISTVIGCSCSNKVCYR,6.6,-0.76,1,7.43,12,77,0.44,0.24,55.89,60,0.67,1.14,29
18232,GIKEFKRIVQRIKDFLRNLV,6.84,0.22,5,11.9,15,90,-0.03,0.19,0,100,1.04,0.93,20
9876,WGRAFRRLVRRLARGLRR,6.97,0.87,9,14,15,86,-0.47,0.21,0,80,1.47,0.91,18
1469,FLSLALAALPKLFCLIFKKC,60,-1.6,3,9.65,9,54,0.59,0.28,429.22,160,0.55,1.01,20
1011,GLFLDTLKGAAKDVAGKLEGLKCKITGCKLP,60,-0.19,3,9.65,30,30,0.2,0.16,0,100,0.75,0.89,31
17188,GARELRRLERELRRLEKGGGGGGKLAALTFEHYWAQLTSC,64,0.68,3,10.23,17,96,-0.04,0.21,137.69,30,1.08,0.84,40
17186,GARELRRLERELRRLEGGGGGGGKLAALKAKLLWLKLAC,64,0.29,6,11.28,15,101,0,0.25,1.71,40,1.06,0.79,39
16912,IVIKSLGKFLKNVGGFAG,64,-0.82,3,10.99,13,77,0.33,0.33,1.61,160,0.61,0.84,18
17325,GLAKVMREVLGYERNSYKKFFLR,64,0.47,5,10.99,16,90,-0.08,0.32,0,40,1.35,0.92,23
17324,GLHKVMREVLGYERNSYKKFFLR,64,0.69,5,10.99,17,93,-0.14,0.29,0,40,1.41,0.92,23
16911,ILKPKLWKLTVVARKIIK,64,-0.44,6,11.81,13,90,0.04,0.21,15.91,120,1.54,1.01,18
5911,MRKWFHNVLSSGQLLADKWPAWDYNWK,67,0.8,2,10.06,16,85,-0.08,0.32,0,30,1.81,1.03,27
14303,FALALKALKKLKKALKKAL,7,-0.38,8,14,14,76,-0.01,0.31,0,180,1.35,0.88,19
11188,RRIPFWPPNWPGPWLPPWSPPDFRIPRILRKR,7,1,6,12.4,26,56,-0.26,0.25,0,20,1.44,1.36,32
16509,LVKRFKKFFRKLKKSVLL,7,0.07,9,14,15,103,-0.22,0.33,0,140,1.5,0.95,18
17986,VKAWAKVLKGFGKLLKGFGKL,7.1,-0.33,7,14,14,87,0.06,0.13,0,100,1.38,0.82,21
5814,GLPVCGETCAGGTCNTPGCSCSWPICTRN,7.6,-0.08,0,5.66,30,42,0.26,0.18,0,30,0.37,1.1,29
9874,WGRAFSRGVRRLARGGRG,7.94,0.91,7,14,16,82,-0.37,0.27,0,40,1.2,0.85,18
5888,MRKEFHNVLSSGQLLADKRPARDYNRK,70,1.29,4,10.91,30,51,-0.31,0.34,0,30,1.11,1.01,27
5913,MWKWFHNVLSSGQLLADKWWAWWYNWW,70,0.43,1,9.44,14,90,0.07,0.3,502.55,30,2.61,0.99,27
9872,WGRAFSAGVHRLANGGNG,70.09,0.37,3,14,16,79,0.02,0.34,0,40,0.74,0.84,18
8383,KWKSFLKTFKSAKKTVLHTAAKAISS,71,0.29,8,14,15,98,-0.12,0.21,0,90,1.31,1,26
9871,WGEAFSAGVHRLANGGNG,71.15,0.32,1,10.5,16,84,0.14,0.32,1.82,40,0.67,0.82,18
6166,GIMDTIKGAAKDLAGQLLDKLKCKITKC,75,-0.04,3,9.65,30,29,0.15,0.12,0.88,100,0.83,0.9,28
14473,RWRRPIRRPPIRPPWYP,8,1.81,6,12.4,30,14,-0.67,0.35,0,30,1.98,1.44,17
11380,GILSKLGKALKKAAKHAAKA,8,0.08,7,14,21,43,-0.08,0.2,0,160,1.17,0.87,20
11568,ALWKKILKNAGKAALNKINQIVQ,8,0.09,6,14,14,88,0,0.16,0.97,60,1.21,0.92,23
14484,RFRRPIRRRPIRPPWYR,8,1.93,8,12.58,27,147,-0.83,0.24,0,30,1.86,1.31,17
14476,RFRWPIRRRPIRPPFYR,8,1.5,7,12.5,27,5,-0.63,0.2,0,30,1.71,1.3,17
14482,RFRRPIRRRPIRPPFWR,8,1.69,8,12.94,26,148,-0.75,0.18,0,30,1.56,1.3,17
14485,RRRRPIRRRPIRPPWYP,8,2.19,8,12.58,29,140,-0.91,0.35,0,30,1.86,1.37,17
14474,RWRRPIRRRPIRPPFYP,8,1.76,7,12.5,30,16,-0.71,0.24,0,30,1.71,1.37,17
17327,GLHKVMRKVLGYLRNVYK,8,0.27,6,11.54,15,89,-0.12,0.21,5.01,120,1.53,0.91,18
14472,RWRRPIRRPPIRPPFYR,8,1.76,7,12.5,30,16,-0.71,0.27,0,30,1.71,1.37,17
14491,RRRRPWRRRPIRPPFYW,8,2.25,8,12.58,25,165,-0.92,0.45,0,30,2.27,1.31,17
13647,FLFSLIPHAISGLISAFK,8,-1.41,2,14,11,87,0.62,0.23,53.59,200,0.28,1.03,18
2550,CGGYCGGWKRKRCTSYRCG,8,0.96,5,9.76,19,66,-0.32,0.35,0,20,1.67,0.95,19
7651,RAGLQFPVGRVHRLLRK,8,0.39,6,14,15,89,-0.17,0.21,0,90,0.95,0.96,17
12703,IKPIIKPIIKPIIKPIIKPIIKPIIKPI,8,-0.88,8,14,30,89,0.26,0.08,0,30,0.92,1.26,28
12626,FLSLIPKAISAVSALANHF,8,-1.2,2,14,12,82,0.56,0.23,14.29,200,0.27,1.06,19
14471,RWRRPIRRPPIRPPFYP,8,1.59,6,12.4,30,14,-0.6,0.26,0,30,1.57,1.44,17
14486,RWRRPIRRRPIRPPWYR,8,2.15,8,12.58,27,147,-0.89,0.34,0,30,2.27,1.31,17
14468,RWRWPIRRPPIRPPWYP,8,1.59,5,12.28,27,7,-0.55,0.35,0,30,2.24,1.44,17
11569,ALWKDILKNLLKAALNEINQIVQ,8,-0.22,2,10.5,15,89,0.27,0.14,1.01,90,0.94,0.93,23
14466,RFRWPIRRPPIRPPWYP,8,1.38,5,12.28,27,7,-0.48,0.26,0,30,1.83,1.44,17
14467,RWRWPIRRPPIRPPFYP,8,1.38,5,12.28,27,7,-0.48,0.22,0,30,1.83,1.44,17
16417,ICRKPIICRKPIICRKPI,8,-0.25,7,11.39,30,69,-0.01,0.17,0,60,1.02,1.23,18
16414,VCRKPVVCRKPVVCRKPVVCRKPV,8,-0.15,9,11.39,30,81,-0.05,0.13,0,60,1.02,1.24,24
16413,VCRKPVVCRKPVVCRKPV,8,-0.15,7,11.39,30,67,-0.05,0.17,0,60,1.02,1.24,18
1022,GIFSKLAGKKLKNLLISG,8,-0.38,5,14,14,73,0.14,0.37,4.65,60,0.82,0.86,18
14465,RFRRPIRRPPIRPPFYR,8,1.54,7,12.5,28,151,-0.65,0.16,0,30,1.31,1.37,17
13649,FLFSLIPNAISGLLSAFK,8,-1.36,2,14,13,82,0.61,0.24,31.68,200,0.2,1.02,18
14488,RWRRPWRRRPIRPPFYR,8,2.25,8,12.58,26,34,-0.92,0.44,0,30,2.27,1.31,17
16162,FIGTLIPLALGALTKLFK,8,-1.42,3,14,10,65,0.57,0.28,4.08,220,0.41,0.93,18
15801,FLGAILKIGHALAKTVLPMVTNAFKPKQ,8,-0.57,4,11.15,14,68,0.28,0.26,7.73,90,0.62,0.99,28
14457,RFRWPIRRPPIRPPFYP,8,1.16,5,12.28,27,8,-0.41,0.2,0,30,1.43,1.44,17
14162,GIGKWLHSAKKFGKAFVGEIMNS,8,0.08,3,10.7,15,87,0.09,0.24,0,60,1.06,0.88,23
14464,RFRRPIRRRPIRPPFYP,8,1.54,7,12.5,30,16,-0.65,0.19,0,30,1.31,1.37,17
8930,MPRRRRSSSRPVRRRRRPRVSRRRRRRGGRRR,8,2.77,20,13.38,30,100,-1.24,0.29,0,10,1.53,1.13,32
14420,KILPGVCKKIMRPFLRRISKDILTGKK,8,0.19,9,11.98,30,28,-0.11,0.2,0,60,1.09,1.02,27
3894,GLWSKIKEAAKAAGKAALNAVTGLVNQGDQPS,8,0.19,2,10.28,30,42,0.12,0.32,37.41,50,0.79,0.93,32
13624,SFLTTVKKLVTNLAALAGTVIDTIKCKVTGGCRT,8,-0.59,4,10.23,14,85,0.31,0.2,314.92,110,0.5,0.95,34
14462,RFRPPIRRPPIRPPFYR,8,1.37,6,12.4,29,156,-0.54,0.17,0,30,1.16,1.43,17
11807,GRKKRRQRRRGALWKSLLKNVGKA,8,1.55,12,14,19,119,-0.7,0.38,0,30,1.72,0.9,24
10606,GCRALCYKQRCVTYCRGA,8,0.19,4,9.06,16,84,-0.04,0.27,0,80,1.24,1,18
10684,RTCESQSHRFKGPCARDSNCATVCLTEGFSGGDCRGFRRRCFCTRPC,8.3,0.69,5,8.32,28,114,-0.08,0.21,5.14,20,0.61,1.06,47
16625,FLWIKLGKLAGAVLKLILGLKKVV,8.3,-1.38,6,14,11,89,0.46,0.18,8.36,140,1.05,0.84,24
14425,WWRRWWRRWRRWWRRWWR,8.4,2.7,10,14,15,89,-1.09,0,0,0,4.69,1.05,18
15798,RKCVRVQLIKNGKKITAF,8.4,0.24,7,12.19,29,166,-0.17,0.27,0,60,1.16,0.96,18
4289,IPCGESCVWIPCISGMFGCSCKDKVCYS,8.5,-0.61,0,5.75,15,75,0.43,0.26,1.46,60,0.74,1.12,28
8199,FFSLIPSLVGGLISAFK,8.68,-1.54,2,14,5,45,0.66,0.24,88.33,200,0.22,1,17
9737,MQFITDLIKKAVDVFKGLFGNK,8.79,-0.27,2,10.23,15,83,0.23,0.16,1.89,90,0.72,0.91,22
3391,IGKEFKRIVQRIKDFLRNLVPRTES,80,0.62,4,11.31,16,83,-0.11,0.17,0,80,0.98,1,25
4285,GASCGETCFTGICFTAGCSCNPWPTCTRN,80,-0.1,0,5.66,15,72,0.27,0.34,49.17,50,0.37,1.09,29
4288,GEYCGESCYLIPCFTPGCYCVSRQCVNKN,80,0.07,0,5.84,17,81,0.22,0.28,0,30,0.87,1.1,29
4530,PAWRHAFHWAWHMLHKAA,80,0.44,2,11.51,14,104,-0.01,0.19,0,100,1.82,1.05,18
3942,ILGPVLGLVSDTLDDVLGIL,80,-1.48,-2,3.4,14,83,0.85,0.4,210.69,140,0,0.92,20
4282,GDACGETCFTGICFTAGCSCNPWPTCTRN,80,-0.01,-1,3.94,17,88,0.28,0.34,50.38,30,0.37,1.08,29
4283,GIPCAESCVWIPCTITALMGCSCKNNVCYNN,80,-0.5,0,5.66,14,70,0.4,0.28,34.32,30,0.55,1.11,31
609,ALWDTLLKKVLKAAAKAALDAVLVGANA,80,-0.84,2,10.3,9,113,0.43,0.17,17.8,80,0.77,0.9,28
16604,HRIRQLKTTIKKFWEIWPKI,83,0.75,6,12.19,15,97,-0.24,0.11,0,40,1.87,1.03,20
8386,KWKSFAKTFKSAKKTVAHTALKAISS,83.6,0.37,8,14,15,103,-0.14,0.23,0,90,1.31,1.01,26
8385,KWKSFLKTFKSAKKTVAHTAAKAISS,83.6,0.37,8,14,15,98,-0.14,0.19,0,90,1.31,1.01,26
8384,KWKSFLKTFKSAKKTVAHTALKAISS,83.6,0.29,8,14,14,101,-0.12,0.2,0,90,1.31,1,26
16617,HLLKKWRTWLRKAWHIVGKV,9,0.44,7,14,14,101,-0.19,0.32,0,60,2.16,0.94,20
7639,KESRAKKFQRQHMDSDSSPSSSSTYSNQMMRRRNMTQGRSKPVNTFVH,9,1.57,7,11.6,30,113,-0.39,0.22,64.96,10,0.91,1.1,48
16594,KIFKKFKTIIKKVWRIFGRF,9,0.05,9,14,14,94,-0.17,0.14,0,160,1.69,0.95,20
15141,KAWKKAWKAAKKAWKAAKKAA,9,1.03,9,11.57,22,71,-0.51,0.13,0,150,2.56,0.93,21
4542,FVKLKKILNIINSIFKK,9.01,-0.48,6,14,14,87,0.09,0.22,45.08,160,1.08,0.97,17
14424,FWQRRIRRWRRFWQRRIRRWRR,9.3,2.27,13,14,16,85,-1.01,0.16,0,40,2.71,1.03,22
10248,FFPGIIKVASAILPTAICAITKRC,9.5,-1.26,3,9.75,0,24,0.51,0.3,15.22,130,0.41,1.08,24
13109,ALFGILKKAFGKILTIFAGLPGVV,9.8,-1.47,4,14,10,102,0.57,0.37,468.51,170,0.46,0.89,24
